Apoptosis Network,0.0,0.001,synchronous,0.265,0.139,0.42,0.496,0.496,0.496,0.201,0.013,0.496,0.201,0.129,0.268,0.614,0.133,0.201,0.265,0.62,0.458,0.139,0.504,0.268,0.265,0.496,0.496,0.496,0.241,0.38,0.496,0.496,0.458,0.504,0.504,0.62,0.496,0.129,0.18,0.445,0.265,0.156,0.496,0.504
Apoptosis Network,0.005,0.031,asynchronous,0.529,0.293,0.249,0.491,0.491,0.491,0.172,0.065,0.491,0.172,0.144,0.233,0.699,0.259,0.172,0.529,0.589,0.526,0.293,0.526,0.233,0.529,0.491,0.491,0.491,0.292,0.412,0.491,0.491,0.526,0.526,0.526,0.588,0.491,0.15,0.238,0.46,0.529,0.172,0.491,0.526
Arabidopsis thaliana Cell Cycle,0.0,0.001,synchronous,0.273,0.182,0.455,0.545,0.545,0.455,0.364,0.545,0.727,0.273,0.545,0.455,0.364,0.636
Arabidopsis thaliana Cell Cycle,0.001,0.004,asynchronous,0.28,0.262,0.423,0.609,0.472,0.544,0.548,0.456,0.674,0.263,0.442,0.388,0.364,0.574
Aurora Kinase A in Neuroblastoma,0.0,0.0,synchronous,0.17,0.202,0.547,0.283,0.809,0.563,0.798,0.809,0.798,0.798,0.547,0.283,0.175,0.798,0.283,0.191,0.348,0.83,0.547,0.515,0.483,0.504,0.468
Aurora Kinase A in Neuroblastoma,0.003,0.015,asynchronous,0.417,0.417,0.461,0.25,0.583,0.461,0.583,0.583,0.583,0.583,0.461,0.122,0.417,0.583,0.243,0.417,0.434,0.583,0.461,0.506,0.507,0.493,0.501
B bronchiseptica and T retortaeformis coinfection,0.0,0.0,synchronous,0.0,0.0,0.013,0.022,0.0,0.0,0.033,0.013,0.033,0.022,0.0,0.0,0.0,0.0,0.022,0.0,0.486,0.022,0.486,0.033,0.022,0.998,0.703,0.703,0.033,0.0,0.0,0.146,0.743,0.703,0.0,0.999,0.0,0.703,0.0,0.0,0.022,0.022,0.0,0.0,0.998,0.033,0.0,0.744,0.022,0.0,0.033,0.998,0.472,0.031,0.744,0.0,0.486
B bronchiseptica and T retortaeformis coinfection,0.0,0.0,asynchronous,0.0,0.0,0.12,0.12,0.001,0.0,0.14,0.12,0.142,0.12,0.0,0.0,0.0,0.0,0.12,0.0,0.491,0.12,0.491,0.142,0.12,0.959,0.618,0.618,0.142,0.0,0.001,0.183,0.779,0.618,0.0,0.963,0.0,0.618,0.0,0.0,0.12,0.12,0.0,0.0,0.959,0.141,0.0,0.801,0.12,0.0,0.141,0.928,0.439,0.12,0.801,0.0,0.491
B cell differentiation,0.0,0.0,synchronous,0.494,0.496,0.487,0.494,0.482,0.105,0.496,0.487,0.107,0.036,0.494,0.893,0.482,0.494,0.077,0.955,0.891,0.487,0.496,0.482,0.494,0.494
B cell differentiation,0.0,0.0,asynchronous,0.502,0.492,0.492,0.5,0.504,0.193,0.492,0.492,0.193,0.061,0.5,0.807,0.504,0.502,0.138,0.934,0.807,0.492,0.492,0.504,0.5,0.502
BT474 Breast Cell Line Long-term ErbB Network,0.0,0.0,synchronous,1.0,0.942,0.0,0.24,0.0,0.424,0.598,0.504,0.0,0.574,0.896,0.093,0.0,0.508,1.0,0.101,0.184,0.0,0.108,0.862,0.0,0.498,0.508,0.492,0.506
BT474 Breast Cell Line Long-term ErbB Network,0.0,0.0,asynchronous,0.997,0.889,0.0,0.238,0.0,0.392,0.662,0.504,0.0,0.643,0.848,0.097,0.0,0.494,1.0,0.149,0.19,0.0,0.152,0.753,0.0,0.505,0.497,0.516,0.501
BT474 Breast Cell Line Short-term ErbB Network,0.0,0.0,synchronous,0.987,0.948,1.0,0.997,0.997,0.975,0.997,0.176,0.238,0.106,0.974,0.506,0.513,0.498,0.504,0.487
BT474 Breast Cell Line Short-term ErbB Network,0.0,0.0,asynchronous,0.948,0.827,1.0,0.992,0.984,0.94,0.992,0.199,0.257,0.128,0.906,0.494,0.494,0.499,0.505,0.502
Bordetella bronchiseptica,0.0,0.0,synchronous,0.016,0.033,0.016,0.984,0.016,0.0,0.0,0.0,0.016,0.0,0.033,0.0,0.033,0.016,0.0,0.016,0.033,0.0,0.0,0.033,0.0,0.033,0.016,0.016,0.016,0.0,0.965,0.016,0.0,0.0,0.0,0.0,0.0
Bordetella bronchiseptica,0.0,0.0,asynchronous,0.0,0.0,0.0,0.921,0.0,0.0,0.0,0.0,0.0,0.0,0.0,0.0,0.0,0.0,0.0,0.0,0.0,0.0,0.0,0.0,0.0,0.0,0.0,0.0,0.0,0.0,0.834,0.0,0.0,0.0,0.0,0.0,0.0
Bortezomib Responses in U266 Human Myeloma Cells,0.0,0.0,synchronous,0.999,0.51,0.001,0.998,0.489,0.998,0.002,0.607,0.0,0.0,0.482,0.998,0.0,0.49,0.998,0.998,0.319,0.518,0.999,0.49,0.0,0.999,0.49,0.998,0.998,0.681,0.49,0.482,0.998,0.999,0.002,0.49,0.49,0.49,0.998,0.511,0.354,0.998,0.999,0.49,0.002,1.0,0.49,0.354,0.49,0.0,0.681,0.49,0.49,0.998,0.999,0.681,0.49,0.0,0.51,0.998,0.998,0.002,0.489,0.49,0.999,0.0,0.489,0.51,0.482,0.5,0.49
Bortezomib Responses in U266 Human Myeloma Cells,0.0,0.0,asynchronous,0.97,0.474,0.029,0.97,0.48,0.97,0.029,0.624,0.023,0.023,0.512,0.97,0.023,0.525,0.97,0.97,0.288,0.488,0.97,0.525,0.023,0.986,0.525,0.97,0.97,0.711,0.525,0.512,0.97,0.986,0.03,0.525,0.525,0.525,0.97,0.52,0.406,0.97,0.97,0.525,0.03,0.977,0.525,0.406,0.525,0.016,0.711,0.525,0.525,0.97,0.97,0.711,0.525,0.023,0.474,0.97,0.97,0.029,0.48,0.525,0.97,0.016,0.48,0.506,0.512,0.506,0.51
Budding Yeast Cell Cycle,0.0,0.001,synchronous,0.184,0.57,0.73,0.252,0.502,0.036,0.006,0.252,0.184,0.184,0.117,0.369,0.036,0.024,0.024,0.588,0.511,0.498,0.498,0.493
Budding Yeast Cell Cycle,0.001,0.008,asynchronous,0.208,0.569,0.687,0.229,0.499,0.031,0.002,0.229,0.208,0.208,0.2,0.347,0.031,0.02,0.021,0.586,0.485,0.501,0.5,0.526
Budding Yeast Cell Cycle 2009,0.0,0.004,synchronous,0.364,0.364,0.727,0.364,0.091,0.727,0.636,0.273,0.636,0.727,0.545,0.364,0.545,0.545,0.364,0.273,0.364,0.364
Budding Yeast Cell Cycle 2009,0.006,0.029,asynchronous,0.363,0.363,0.814,0.364,0.128,0.723,0.627,0.303,0.636,0.782,0.49,0.301,0.691,0.49,0.342,0.24,0.363,0.306
CD4 T cell signaling,0.0,0.0,synchronous,0.501,0.508,0.241,0.87,0.61,0.491,0.177,0.208,0.117,0.131,0.562,0.508,0.872,0.442,0.508,0.987,0.501,0.736,0.22,0.892,0.892,0.943,0.501,0.736,0.833,0.501,0.865,0.865,0.65,0.723,0.736,0.865,0.026,0.535,0.197,0.736,0.499,0.932,0.491,0.736,0.755,0.396,0.754,0.281,0.974,0.892,0.22,0.974,0.865,0.742,0.436,0.168,0.94,0.501,0.501,0.501,0.917,0.272,0.028,0.698,0.987,0.506,0.508,0.281,0.501,0.501,0.504,0.501,0.507,0.197,0.864,0.87,0.507,0.947,0.788,0.117,0.507,0.533,0.698,0.788,0.093,0.234,0.736,0.501,0.972,0.947,0.736,0.501,0.736,0.87,0.241,0.94,0.218,0.065,0.955,0.94,0.234,0.995,0.167,0.501,0.989,0.932,0.508,0.501,0.87,0.149,0.257,0.149,0.932,0.28,0.755,0.163,0.507,0.974,0.864,0.719,0.87,0.501,0.501,0.491,0.149,0.148,0.752,0.093,0.932,0.698,0.241,0.974,0.755,0.241,0.87,0.888,0.454,0.241,0.095,0.241,0.28,0.864,0.241,0.932,0.068,0.932,0.093,0.436,0.507,0.501,0.736,0.629,0.865,0.562,0.507,0.501,0.504,0.87,0.499,0.493,0.488,0.498,0.511,0.492,0.512,0.494,0.525,0.504,0.501,0.507,0.499,0.503,0.506,0.482,0.508,0.501,0.489,0.496,0.491,0.476,0.504,0.509,0.496,0.504,0.518,0.476,0.528,0.502,0.511,0.501,0.488,0.501
CD4 T cell signaling,0.0,0.0,asynchronous,0.508,0.496,0.261,0.888,0.586,0.492,0.156,0.164,0.128,0.128,0.542,0.496,0.878,0.444,0.496,0.99,0.508,0.761,0.341,0.911,0.911,0.951,0.508,0.761,0.855,0.508,0.886,0.886,0.595,0.59,0.761,0.886,0.025,0.551,0.143,0.761,0.512,0.945,0.492,0.761,0.742,0.314,0.766,0.267,0.975,0.911,0.341,0.975,0.886,0.756,0.44,0.341,0.939,0.508,0.508,0.508,0.912,0.245,0.028,0.59,0.99,0.493,0.496,0.267,0.528,0.508,0.481,0.508,0.501,0.143,0.883,0.888,0.501,0.951,0.799,0.117,0.501,0.512,0.59,0.799,0.087,0.198,0.761,0.508,0.972,0.951,0.761,0.508,0.761,0.888,0.261,0.939,0.205,0.068,0.801,0.939,0.198,0.996,0.168,0.508,0.992,0.945,0.496,0.522,0.888,0.2,0.272,0.2,0.945,0.297,0.742,0.212,0.501,0.975,0.883,0.733,0.888,0.508,0.508,0.492,0.114,0.162,0.739,0.087,0.945,0.59,0.261,0.975,0.742,0.261,0.888,0.911,0.41,0.261,0.092,0.261,0.297,0.883,0.261,0.945,0.055,0.945,0.087,0.44,0.501,0.508,0.761,0.644,0.886,0.542,0.501,0.508,0.481,0.888,0.49,0.506,0.509,0.497,0.491,0.496,0.51,0.502,0.51,0.481,0.522,0.501,0.512,0.502,0.493,0.512,0.496,0.508,0.51,0.505,0.492,0.512,0.504,0.516,0.494,0.515,0.506,0.499,0.5,0.506,0.498,0.515,0.485,0.528
CD4+ T Cell Differentiation and Plasticity,0.0,0.0,synchronous,0.024,0.03,0.467,0.04,0.077,0.091,0.298,0.69,0.1,0.038,0.06,0.676,0.489,0.504,0.495,0.514,0.51,0.507
CD4+ T Cell Differentiation and Plasticity,0.0,0.0,asynchronous,0.049,0.057,0.446,0.058,0.091,0.098,0.334,0.732,0.091,0.042,0.187,0.668,0.501,0.494,0.502,0.502,0.483,0.484
CD4+ T cell Differentiation,0.0,0.0,synchronous,0.23,0.261,0.01,0.782,0.232,0.015,0.465,0.027,0.231,0.484,0.085,0.231,0.658,0.05,0.13,0.224,0.976,0.477,0.015,0.468,0.285,0.976,0.538,0.716,0.024,0.085,0.101,0.015,0.465,0.503,0.495,0.488,0.482,0.51,0.496,0.497,0.502,0.508
CD4+ T cell Differentiation,0.001,0.005,asynchronous,0.24,0.262,0.034,0.715,0.247,0.014,0.463,0.01,0.221,0.516,0.062,0.221,0.622,0.14,0.168,0.219,0.908,0.379,0.014,0.496,0.296,0.908,0.546,0.66,0.013,0.062,0.124,0.014,0.463,0.517,0.506,0.484,0.506,0.492,0.48,0.488,0.496,0.498
Cardiac development,0.0,0.0,synchronous,0.504,0.266,0.992,0.504,0.504,0.238,0.992,0.258,0.504,0.495,0.266,0.504,0.504,0.489,0.495
Cardiac development,0.0,0.0,asynchronous,0.49,0.25,0.891,0.49,0.49,0.24,0.891,0.252,0.49,0.493,0.25,0.49,0.49,0.401,0.493
Cell Cycle Transcription by Coupled CDK and Network Oscillators,0.0,0.001,synchronous,0.047,0.094,0.047,0.047,0.094,0.047,0.047,0.047,0.047
Cell Cycle Transcription by Coupled CDK and Network Oscillators,0.0,0.0,asynchronous,0.0,0.0,0.0,0.0,0.0,0.0,0.0,0.0,0.0
Cholesterol Regulatory Pathway,0.0,0.0,synchronous,0.462,0.227,0.217,0.514,0.462,0.015,0.015,0.462,0.227,0.015,0.462,0.462,0.015,0.462,0.217,0.015,0.462,0.217,0.462,0.462,0.462,0.985,0.462,0.462,0.462,0.462,0.523,0.217,0.462,0.462,0.239,0.015,0.462,0.462
Cholesterol Regulatory Pathway,0.0,0.0,asynchronous,0.5,0.26,0.26,0.506,0.5,0.0,0.0,0.5,0.26,0.0,0.5,0.5,0.0,0.5,0.26,0.0,0.5,0.26,0.5,0.5,0.5,1.0,0.5,0.5,0.5,0.5,0.5,0.26,0.5,0.5,0.26,0.0,0.5,0.5
Colitis-associated colon cancer,0.0,0.0,synchronous,0.027,0.037,0.268,0.268,0.939,0.0,0.968,0.471,0.471,0.537,0.0,0.268,0.939,0.058,0.704,0.268,0.029,0.194,0.939,0.036,0.968,0.268,0.136,0.029,0.034,0.0,0.269,0.965,0.968,0.0,0.268,0.671,0.939,0.471,0.305,0.939,0.939,0.268,0.963,0.939,0.268,0.968,0.802,0.027,0.061,0.939,0.037,0.0,0.939,0.036,0.802,0.268,0.268,0.037,0.968,0.968,0.0,0.939,0.269,0.134,0.477,0.034,0.938,0.061,0.939,0.036,0.305,0.029,0.938,0.507
Colitis-associated colon cancer,0.005,0.062,asynchronous,0.12,0.189,0.434,0.434,0.705,0.0,0.846,0.352,0.354,0.716,0.0,0.434,0.705,0.282,0.512,0.434,0.141,0.499,0.705,0.188,0.846,0.434,0.218,0.14,0.241,0.0,0.434,0.848,0.846,0.0,0.434,0.27,0.705,0.352,0.636,0.705,0.705,0.434,0.825,0.705,0.434,0.845,0.488,0.12,0.295,0.705,0.189,0.0,0.705,0.187,0.488,0.434,0.434,0.188,0.846,0.845,0.0,0.705,0.434,0.217,0.434,0.241,0.705,0.295,0.705,0.188,0.636,0.141,0.705,0.5
Cortical Area Development,0.0,0.0,synchronous,0.871,0.129,0.129,0.871,0.129
Cortical Area Development,0.0,0.0,asynchronous,0.743,0.257,0.257,0.743,0.257
Death Receptor Signaling,0.0,0.0,synchronous,0.475,0.04,0.256,0.04,0.163,0.059,0.261,0.238,0.734,0.734,0.671,0.734,0.261,0.163,0.329,0.515,0.04,0.034,0.671,0.472,0.163,0.04,0.04,0.671,0.04,0.5,0.515,0.48
Death Receptor Signaling,0.0,0.0,asynchronous,0.384,0.112,0.243,0.112,0.184,0.201,0.301,0.244,0.708,0.708,0.524,0.708,0.301,0.184,0.476,0.515,0.112,0.112,0.524,0.384,0.184,0.112,0.112,0.524,0.112,0.485,0.515,0.516
Differentiation of T lymphocytes,0.0,0.0,synchronous,0.379,0.782,0.004,0.56,0.014,0.796,0.004,0.004,0.56,0.502,0.489,0.216,0.216,0.491,0.253,0.031,0.481,0.503,0.216,0.502,0.0,0.819,0.56,0.56,0.56,0.491,0.489,0.0,0.014,0.119,0.51,0.119,0.004,0.0,0.504,1.0,0.031,1.0,0.0,0.014,0.031,0.504,0.498,0.503,0.489,0.502,0.498,0.502,0.5,0.51
Differentiation of T lymphocytes,0.0,0.0,asynchronous,0.205,0.861,0.034,0.59,0.043,0.772,0.034,0.034,0.59,0.502,0.467,0.13,0.13,0.482,0.27,0.17,0.397,0.497,0.13,0.486,0.007,0.799,0.59,0.59,0.59,0.482,0.504,0.007,0.043,0.127,0.474,0.134,0.034,0.007,0.493,0.993,0.17,0.993,0.007,0.043,0.17,0.493,0.488,0.497,0.504,0.486,0.506,0.502,0.512,0.474
EGFR & ErbB Signaling,0.0,0.001,synchronous,0.489,0.032,0.236,0.09,0.461,0.032,0.236,0.251,0.878,0.236,0.94,0.878,0.129,0.026,0.122,0.878,0.958,0.415,0.974,0.878,0.236,0.235,0.878,0.471,0.878,0.114,0.994,0.01,0.022,0.51,0.397,0.236,0.236,0.236,0.447,0.198,0.388,0.03,0.236,0.518,0.032,0.236,0.489,0.506,0.878,0.236,0.968,0.21,0.134,0.172,0.994,0.236,0.014,0.388,0.982,0.032,0.236,0.878,0.974,0.034,0.388,0.974,0.141,0.122,0.265,0.236,0.236,0.236,0.289,0.189,0.393,0.236,0.154,0.393,0.447,0.006,0.503,0.48,0.489,0.492,0.506,0.496,0.508,0.503,0.496,0.489,0.502,0.514,0.498,0.505,0.502,0.506,0.499,0.511,0.502,0.508,0.502,0.474,0.493,0.52,0.499,0.5,0.503,0.497
EGFR & ErbB Signaling,0.004,0.042,asynchronous,0.508,0.032,0.233,0.101,0.473,0.032,0.232,0.225,0.919,0.232,0.962,0.919,0.123,0.032,0.117,0.919,0.974,0.471,0.968,0.919,0.233,0.233,0.919,0.504,0.918,0.119,0.988,0.015,0.013,0.494,0.383,0.233,0.232,0.232,0.461,0.197,0.391,0.026,0.239,0.498,0.032,0.233,0.51,0.496,0.918,0.232,0.968,0.171,0.122,0.178,0.988,0.233,0.01,0.39,0.982,0.032,0.233,0.919,0.968,0.017,0.389,0.968,0.141,0.098,0.244,0.239,0.234,0.239,0.29,0.199,0.381,0.237,0.172,0.381,0.461,0.004,0.508,0.504,0.51,0.513,0.496,0.496,0.507,0.504,0.496,0.508,0.515,0.486,0.493,0.51,0.498,0.501,0.509,0.497,0.478,0.504,0.499,0.52,0.483,0.504,0.488,0.49,0.487,0.497
FA BRCA pathway,0.0,0.0,synchronous,0.0,0.0,0.0,0.0,0.0,0.5,0.0,0.0,0.0,0.0,0.0,0.0,0.0,0.0,0.0,0.0,0.0,0.0,0.0,0.0,0.0,0.0,0.0,0.0,0.0,0.0,0.0,0.0
FA BRCA pathway,0.001,0.001,asynchronous,0.0,0.0,0.0,0.0,0.0,0.499,0.0,0.0,0.0,0.0,0.0,0.0,0.0,0.0,0.0,0.0,0.0,0.0,0.0,0.0,0.0,0.0,0.0,0.0,0.0,0.0,0.0,0.0
FGF pathway of Drosophila Signalling Pathways,0.0,0.0,synchronous,0.499,0.432,0.058,0.745,0.029,0.971,0.876,0.432,0.029,0.058,0.432,0.432,0.029,0.432,0.5,0.506,0.504,0.5,0.509,0.505,0.49,0.499,0.495
FGF pathway of Drosophila Signalling Pathways,0.0,0.0,asynchronous,0.486,0.442,0.056,0.758,0.026,0.974,0.875,0.442,0.026,0.056,0.442,0.442,0.026,0.442,0.508,0.507,0.499,0.504,0.496,0.507,0.51,0.486,0.5
Fanconi anemia and checkpoint recovery,0.0,0.0,synchronous,0.0,0.0,0.0,0.0,0.0,0.0,0.0,0.5,0.0,0.0,0.0,0.0,0.0,0.0,0.0
Fanconi anemia and checkpoint recovery,0.003,0.003,asynchronous,0.0,0.0,0.0,0.0,0.0,0.0,0.0,0.501,0.0,0.0,0.0,0.0,0.0,0.0,0.0
Glucose Repression Signaling 2009,0.0,0.0,synchronous,0.585,0.221,0.51,0.504,0.759,0.236,0.282,0.344,0.221,0.221,0.507,0.585,0.221,0.415,0.238,0.144,0.221,0.221,0.626,0.126,0.484,0.626,0.604,0.505,0.221,0.465,0.221,0.626,0.483,0.626,0.704,0.626,0.504,0.221,0.221,0.221,0.626,0.238,0.626,0.221,0.483,0.585,0.144,0.164,0.585,0.344,0.604,0.463,0.374,0.257,0.483,0.483,0.221,0.585,0.323,0.51,0.488,0.491,0.515,0.496,0.489,0.492,0.482,0.516,0.486,0.484,0.498,0.507,0.503,0.504,0.495,0.5,0.504
Glucose Repression Signaling 2009,0.0,0.0,asynchronous,0.575,0.229,0.49,0.495,0.764,0.259,0.286,0.34,0.229,0.229,0.506,0.575,0.229,0.425,0.255,0.164,0.229,0.229,0.625,0.122,0.5,0.625,0.575,0.49,0.229,0.453,0.229,0.625,0.481,0.625,0.703,0.625,0.51,0.229,0.229,0.229,0.625,0.25,0.625,0.229,0.481,0.575,0.164,0.147,0.575,0.34,0.575,0.441,0.375,0.247,0.481,0.481,0.229,0.575,0.326,0.49,0.496,0.505,0.486,0.487,0.485,0.487,0.501,0.484,0.507,0.5,0.522,0.506,0.498,0.495,0.51,0.513,0.51
Guard Cell Abscisic Acid Signaling,0.0,0.0,synchronous,0.192,0.332,0.314,0.608,0.205,0.314,0.512,0.314,0.332,0.499,0.499,0.41,0.499,0.205,0.194,0.499,0.314,0.205,0.499,0.813,0.501,0.205,0.499,0.192,0.626,0.127,0.374,0.501,0.205,0.499,0.813,0.374,0.205,0.485,0.332,0.205,0.332,0.499,0.449,0.314,0.485,0.499,0.484,0.504
Guard Cell Abscisic Acid Signaling,0.001,0.006,asynchronous,0.198,0.094,0.326,0.8,0.0,0.326,0.291,0.326,0.093,0.486,0.486,0.0,0.486,0.0,0.288,0.486,0.326,0.0,0.486,0.8,0.514,0.0,0.486,0.198,0.579,0.135,0.42,0.514,0.0,0.486,0.8,0.421,0.0,0.496,0.094,0.0,0.093,0.486,0.23,0.326,0.496,0.486,0.508,0.486
HCC1954 Breast Cell Line Long-term ErbB Network,0.0,0.0,synchronous,0.0,0.258,0.996,0.918,0.965,0.776,0.0,0.006,0.195,0.512,0.989,0.57,0.994,0.51,0.258,0.0,0.004,0.989,0.958,0.091,0.085,0.507,0.491,0.507,0.494
HCC1954 Breast Cell Line Long-term ErbB Network,0.0,0.0,asynchronous,0.0,0.241,0.991,0.864,0.904,0.743,0.001,0.015,0.211,0.514,0.978,0.652,0.984,0.48,0.242,0.0,0.009,0.978,0.908,0.088,0.15,0.509,0.494,0.5,0.508
HCC1954 Breast Cell Line Short-term ErbB Network,0.0,0.0,synchronous,0.951,0.12,0.954,0.255,0.255,0.991,1.0,1.0,1.0,0.988,0.978,0.493,0.512,0.511,0.489,0.505
HCC1954 Breast Cell Line Short-term ErbB Network,0.0,0.0,asynchronous,0.82,0.111,0.83,0.252,0.252,0.955,0.999,0.999,0.999,0.97,0.937,0.497,0.502,0.518,0.499,0.521
HGF Signaling in Keratinocytes,0.0,0.0,synchronous,0.255,0.262,0.252,0.262,0.255,0.255,0.262,0.749,0.252,0.252,0.259,0.252,0.749,0.49,0.255,0.259,0.262,0.626,0.252,0.131,0.368,0.749,0.252,0.131,0.007,0.255,0.252,0.749,0.255,0.255,0.131,0.255,0.262,0.255,0.262,0.255,0.749,0.131,0.259,0.255,0.252,0.252,0.252,0.252,0.007,0.252,0.749,0.749,0.252,0.252,0.749,0.259,0.259,0.131,0.503,0.126,0.749,0.252,0.749,0.255,0.749,0.749,0.508,0.485,0.51,0.504,0.49,0.512
HGF Signaling in Keratinocytes,0.0,0.009,asynchronous,0.277,0.277,0.277,0.277,0.277,0.277,0.277,0.751,0.277,0.277,0.277,0.277,0.751,0.502,0.277,0.277,0.277,0.628,0.277,0.136,0.379,0.751,0.277,0.136,0.0,0.277,0.277,0.751,0.277,0.277,0.136,0.277,0.277,0.277,0.277,0.277,0.751,0.136,0.277,0.277,0.277,0.277,0.277,0.277,0.0,0.277,0.751,0.751,0.277,0.277,0.751,0.277,0.277,0.136,0.513,0.14,0.751,0.277,0.751,0.277,0.751,0.751,0.481,0.513,0.499,0.502,0.502,0.494
HH Pathway of Drosophila Signaling Pathways,0.0,0.0,synchronous,0.674,0.994,0.517,0.236,0.764,0.674,0.764,0.006,0.043,0.236,0.517,0.49,0.506,0.497,0.493,0.49,0.491,0.517,0.5,0.503,0.512,0.487,0.51,0.492
HH Pathway of Drosophila Signaling Pathways,0.0,0.0,asynchronous,0.678,0.99,0.498,0.234,0.766,0.678,0.766,0.01,0.043,0.234,0.498,0.485,0.492,0.516,0.51,0.516,0.494,0.498,0.488,0.479,0.528,0.498,0.509,0.49
HIV-1 interactions with T Cell Signalling Pathway,0.0,0.0,synchronous,0.999,1.0,0.637,0.549,1.0,1.0,1.0,1.0,0.482,0.549,0.999,0.207,0.999,0.999,1.0,0.0,0.406,1.0,1.0,1.0,0.999,0.228,1.0,0.999,0.0,0.999,0.999,1.0,1.0,0.594,0.594,1.0,1.0,0.228,0.999,1.0,1.0,1.0,0.518,1.0,0.349,0.999,1.0,0.725,0.0,1.0,1.0,1.0,1.0,1.0,0.406,1.0,1.0,1.0,1.0,0.725,1.0,0.108,1.0,1.0,1.0,1.0,1.0,0.999,0.48,0.349,0.999,1.0,0.275,1.0,1.0,1.0,1.0,0.489,1.0,1.0,0.999,1.0,1.0,1.0,1.0,1.0,0.51,1.0,1.0,1.0,1.0,1.0,0.549,1.0,1.0,0.406,0.228,1.0,0.228,0.737,1.0,0.228,0.228,1.0,0.999,1.0,0.999,1.0,1.0,0.999,0.349,0.228,1.0,1.0,1.0,0.999,1.0,1.0,1.0,1.0,0.228,1.0,1.0,0.999,1.0,1.0,0.0,0.275,0.503,0.48,0.503,0.489,0.499,0.482,0.492,0.499,0.493,0.503,0.494,0.521,0.489,0.51
HIV-1 interactions with T Cell Signalling Pathway,0.0,0.0,asynchronous,0.978,1.0,0.677,0.677,1.0,1.0,1.0,1.0,0.502,0.677,0.978,0.168,0.978,0.978,1.0,0.0,0.337,1.0,1.0,1.0,0.978,0.337,1.0,0.978,0.0,0.978,0.978,1.0,1.0,0.663,0.663,1.0,1.0,0.337,0.978,1.0,1.0,1.0,0.498,1.0,0.338,0.978,1.0,0.677,0.0,1.0,1.0,1.0,1.0,1.0,0.337,0.997,1.0,1.0,1.0,0.677,1.0,0.162,1.0,1.0,1.0,1.0,1.0,0.978,0.512,0.338,0.978,1.0,0.323,1.0,1.0,1.0,0.995,0.49,1.0,1.0,0.978,1.0,1.0,1.0,1.0,1.0,0.5,1.0,0.995,1.0,1.0,1.0,0.677,1.0,1.0,0.337,0.33,1.0,0.337,0.752,1.0,0.337,0.337,1.0,0.978,1.0,0.978,1.0,1.0,0.978,0.338,0.337,1.0,1.0,1.0,0.978,1.0,1.0,1.0,0.997,0.337,1.0,1.0,0.978,1.0,1.0,0.0,0.323,0.492,0.512,0.497,0.49,0.47,0.502,0.499,0.502,0.492,0.494,0.488,0.517,0.498,0.5
Human Gonadal Sex Determination,0.0,0.0,synchronous,0.504,0.496,0.496,0.496,0.496,0.496,0.504,0.0,0.999,0.0,0.504,0.504,0.496,0.504,0.496,0.999,0.496,0.496,0.496
Human Gonadal Sex Determination,0.0,0.0,asynchronous,0.412,0.563,0.563,0.563,0.563,0.563,0.412,0.0,0.976,0.0,0.412,0.412,0.563,0.412,0.563,0.976,0.563,0.563,0.563
IGVH mutations in chronic lymphocytic leukemia,0.0,0.0,synchronous,1.0,0.242,0.0,0.134,0.24,0.0,0.515,0.498,0.0,0.512,0.508,0.0,0.0,0.503,0.496,0.0,0.256,0.0,0.0,0.0,0.0,0.0,0.503,0.0,0.504,0.494,1.0,0.496,0.505,0.0,0.498,0.0,0.537,0.122,0.492,0.504,0.495,0.0,0.512,0.0,1.0,0.0,0.0,0.0,0.503,0.0,1.0,0.481,0.0,0.496,1.0,0.496,0.503,0.497,0.0,0.24,0.0,0.504,0.0,0.492,0.0,0.0,0.0,1.0,0.0,0.122,0.514,0.499,0.508,0.134,0.122,0.0,0.489,0.0,0.505,0.0,0.0,0.517,0.0,0.0,0.497,0.0,0.485,0.498,0.0,0.242,0.511,0.0,0.0,0.508,0.0
IGVH mutations in chronic lymphocytic leukemia,0.002,0.005,asynchronous,1.0,0.256,0.0,0.12,0.25,0.0,0.492,0.49,0.0,0.48,0.497,0.0,0.0,0.501,0.512,0.0,0.239,0.0,0.0,0.0,0.0,0.0,0.499,0.0,0.498,0.504,1.0,0.512,0.499,0.0,0.516,0.0,0.504,0.126,0.484,0.498,0.495,0.0,0.505,0.0,1.0,0.0,0.0,0.0,0.501,0.0,1.0,0.501,0.0,0.512,1.0,0.512,0.501,0.505,0.0,0.25,0.0,0.488,0.0,0.499,0.0,0.0,0.0,1.0,0.0,0.126,0.504,0.496,0.497,0.12,0.126,0.0,0.484,0.0,0.505,0.0,0.0,0.493,0.0,0.0,0.501,0.0,0.508,0.495,0.0,0.256,0.501,0.0,0.0,0.511,0.0
IL-1 Signaling,0.0,0.0,synchronous,0.472,0.0,0.0,0.0,0.0,0.0,0.0,0.0,0.0,0.0,0.0,0.0,0.495,0.0,0.0,0.0,0.0,0.0,1.0,0.0,0.0,0.505,0.0,0.0,0.487,0.494,0.0,0.0,0.487,0.0,0.0,0.0,1.0,0.243,0.0,0.0,0.487,0.0,0.0,0.487,0.0,1.0,0.0,0.0,0.0,0.0,0.0,0.0,0.0,0.0,1.0,0.238,0.487,0.0,0.0,0.0,0.0,0.0,0.494,0.0,0.0,0.0,0.0,0.0,0.0,0.0,0.0,0.505,0.0,0.0,0.0,0.0,0.0,0.0,1.0,0.0,0.506,0.0,1.0,0.116,0.0,0.0,0.487,0.0,0.0,0.0,0.487,0.0,0.0,0.244,0.0,0.0,0.0,0.0,0.0,0.0,0.0,0.0,0.0,0.0,0.0,0.0,0.0,0.244,0.505,0.484,0.506,0.505,0.494,0.472,0.496,0.498,0.487,0.506,0.518,0.499,0.484,0.509
IL-1 Signaling,0.0,0.0,asynchronous,0.507,0.0,0.0,0.0,0.0,0.0,0.0,0.0,0.0,0.0,0.0,0.0,0.524,0.0,0.0,0.0,0.0,0.0,1.0,0.0,0.0,0.476,0.0,0.0,0.493,0.502,0.0,0.0,0.493,0.0,0.0,0.0,1.0,0.248,0.0,0.0,0.493,0.0,0.0,0.493,0.0,1.0,0.0,0.0,0.0,0.0,0.0,0.0,0.0,0.0,1.0,0.264,0.493,0.0,0.0,0.0,0.0,0.0,0.502,0.0,0.0,0.0,0.0,0.0,0.0,0.0,0.0,0.476,0.0,0.0,0.0,0.0,0.0,0.0,1.0,0.0,0.498,0.0,1.0,0.12,0.0,0.0,0.493,0.0,0.0,0.0,0.493,0.0,0.0,0.255,0.0,0.0,0.0,0.0,0.0,0.0,0.0,0.0,0.0,0.0,0.0,0.0,0.0,0.255,0.502,0.493,0.509,0.476,0.502,0.507,0.491,0.504,0.493,0.494,0.512,0.494,0.506,0.494
IL-6 Signalling,0.0,0.001,synchronous,0.059,0.424,0.997,0.898,0.07,0.046,0.067,0.9,0.713,0.1,0.002,0.003,0.1,0.514,0.059,0.575,0.004,0.575,0.089,0.046,0.046,0.004,0.059,0.001,0.059,0.004,0.059,0.004,0.085,0.493,0.004,0.56,0.046,0.1,0.034,0.015,0.059,0.085,0.004,0.046,0.034,0.002,0.004,0.997,0.997,0.514,0.059,0.0,0.038,0.085,0.085,0.004,0.258,0.034,0.493,0.046,0.046,0.53,0.001,0.002,0.425,0.034,0.059,0.997,0.059,0.001,0.085,0.003,0.015,0.558,0.0,0.514,0.506,0.512,0.508,0.486,0.492,0.504,0.493,0.494,0.498,0.488,0.495,0.523,0.506,0.491
IL-6 Signalling,0.003,0.051,asynchronous,0.05,0.436,0.998,0.926,0.059,0.043,0.057,0.927,0.707,0.07,0.007,0.002,0.073,0.502,0.047,0.559,0.002,0.559,0.06,0.042,0.043,0.002,0.049,0.006,0.049,0.002,0.047,0.002,0.059,0.496,0.002,0.538,0.043,0.075,0.029,0.017,0.048,0.059,0.002,0.042,0.028,0.007,0.002,0.998,0.998,0.502,0.049,0.0,0.034,0.059,0.059,0.002,0.245,0.028,0.496,0.04,0.043,0.518,0.002,0.007,0.441,0.028,0.048,0.998,0.047,0.002,0.059,0.002,0.017,0.534,0.0,0.502,0.495,0.483,0.488,0.506,0.492,0.5,0.496,0.502,0.501,0.509,0.49,0.498,0.508,0.49
Influenza A Virus Replication Cycle,0.0,0.0,synchronous,0.002,0.001,0.003,0.008,0.005,0.003,0.008,0.003,0.003,0.003,0.008,0.008,0.003,0.003,0.003,0.008,0.008,0.008,0.008,0.008,0.008,0.003,0.008,0.003,0.018,0.008,0.008,0.001,0.003,0.001,0.003,0.002,0.002,0.002,0.008,0.008,0.006,0.008,0.003,0.003,0.008,0.031,0.002,0.031,0.002,0.003,0.008,0.003,0.003,0.487,0.003,0.003,0.006,0.008,0.003,0.003,0.237,0.062,0.008,0.008,0.008,0.003,0.002,0.008,0.008,0.003,0.003,0.008,0.003,0.008,0.003,0.001,0.003,0.008,0.031,0.237,0.001,0.008,0.008,0.008,0.003,0.008,0.001,0.008,0.002,0.237,0.003,0.008,0.001,0.003,0.008,0.003,0.002,0.031,0.003,0.008,0.008,0.008,0.003,0.008,0.008,0.002,0.008,0.008,0.008,0.008,0.031,0.008,0.008,0.003,0.008,0.008,0.008,0.001,0.003,0.002,0.008,0.008,0.003,0.001,0.482,0.486,0.49,0.491,0.501,0.494,0.498,0.516,0.501,0.496,0.487
Influenza A Virus Replication Cycle,0.0,0.003,asynchronous,0.006,0.001,0.007,0.016,0.011,0.005,0.018,0.007,0.007,0.006,0.018,0.018,0.007,0.007,0.006,0.018,0.016,0.018,0.018,0.016,0.018,0.007,0.018,0.007,0.024,0.018,0.016,0.001,0.007,0.001,0.007,0.002,0.006,0.002,0.014,0.018,0.011,0.016,0.007,0.007,0.018,0.037,0.006,0.035,0.006,0.007,0.016,0.007,0.007,0.496,0.007,0.007,0.007,0.018,0.007,0.007,0.235,0.056,0.018,0.018,0.018,0.007,0.002,0.016,0.018,0.007,0.007,0.018,0.007,0.018,0.007,0.001,0.007,0.016,0.035,0.235,0.0,0.018,0.018,0.018,0.007,0.018,0.001,0.018,0.006,0.235,0.007,0.018,0.001,0.007,0.018,0.005,0.005,0.037,0.006,0.018,0.018,0.018,0.007,0.018,0.018,0.006,0.016,0.018,0.018,0.018,0.037,0.018,0.018,0.007,0.018,0.018,0.018,0.001,0.007,0.006,0.018,0.018,0.006,0.001,0.504,0.5,0.473,0.51,0.507,0.508,0.51,0.525,0.491,0.507,0.496
Iron acquisition and oxidative stress response in aspergillus fumigatus,0.0,0.002,synchronous,0.652,0.652,0.652,0.261,0.696,0.528,0.304,0.416,0.304,0.652,0.528,0.528,0.472,0.696,0.416,0.472,0.528,0.528,0.416,0.696,0.501,0.496
Iron acquisition and oxidative stress response in aspergillus fumigatus,0.005,0.029,asynchronous,0.658,0.659,0.658,0.45,0.713,0.366,0.287,0.359,0.289,0.659,0.378,0.365,0.622,0.713,0.203,0.621,0.366,0.365,0.459,0.712,0.506,0.491
Lac Operon,0.0,0.0,synchronous,0.258,0.26,0.26,0.74,0.26,0.26,0.258,0.508,0.26,0.74,0.492,0.514,0.51
Lac Operon,0.0,0.0,asynchronous,0.248,0.294,0.294,0.706,0.294,0.294,0.248,0.496,0.294,0.706,0.504,0.505,0.504
Lymphoid and myeloid cell specification and transdifferentiation,0.0,0.0,synchronous,0.002,0.001,0.002,0.002,0.001,0.001,0.001,0.001,0.001,0.002,0.001,0.002,0.002,0.002,0.002,0.806,0.001,0.001,0.002,0.002,0.002,0.0,0.002,0.002,0.0,0.0,0.001,0.0,0.001,0.806,0.002,0.502,0.489
Lymphoid and myeloid cell specification and transdifferentiation,0.0,0.0,asynchronous,0.147,0.046,0.147,0.147,0.046,0.046,0.005,0.102,0.046,0.107,0.102,0.147,0.147,0.147,0.147,0.693,0.086,0.102,0.147,0.147,0.147,0.0,0.147,0.147,0.001,0.008,0.102,0.0,0.102,0.753,0.147,0.496,0.519
Lymphopoiesis Regulatory Network,0.0,0.0,synchronous,0.138,0.771,0.512,0.002,0.603,0.0,0.491,0.753,0.002,0.603,0.354,0.152,0.511,0.498,0.136,0.0,0.002,0.998,0.005,0.005,0.507,0.002,0.002,0.998,0.0,0.488,0.005,0.002,0.0,0.512,0.005,0.002,0.255,0.0,0.0,0.511,0.511,0.345,0.511,0.83,0.0,0.005,0.603,0.152,0.603,0.603,0.002,0.152,0.511,0.491,0.512,0.0,0.0,0.603,0.805,0.002,0.0,0.511,0.603,0.878,0.002,0.002,0.0,0.492,0.512,0.002,0.0,0.512,0.511,0.507,0.492,0.51,0.497,0.513,0.493,0.511,0.51,0.488,0.498,0.498,0.511
Lymphopoiesis Regulatory Network,0.0,0.0,asynchronous,0.124,0.782,0.5,0.062,0.598,0.0,0.478,0.748,0.014,0.598,0.312,0.13,0.491,0.483,0.116,0.0,0.014,0.985,0.012,0.012,0.498,0.014,0.014,0.986,0.0,0.496,0.012,0.062,0.0,0.5,0.012,0.008,0.251,0.0,0.0,0.503,0.501,0.349,0.503,0.849,0.0,0.012,0.598,0.13,0.598,0.598,0.062,0.13,0.503,0.501,0.496,0.0,0.0,0.598,0.839,0.014,0.0,0.503,0.598,0.88,0.014,0.014,0.0,0.501,0.496,0.014,0.0,0.5,0.503,0.498,0.501,0.5,0.495,0.502,0.509,0.501,0.483,0.496,0.483,0.509,0.491
MAPK Cancer Cell Fate Network,0.0,0.001,synchronous,0.17,0.124,0.774,0.504,0.846,0.246,0.151,0.109,0.505,0.504,0.846,0.717,0.091,0.995,0.846,0.752,0.091,0.752,0.846,0.752,0.752,0.049,0.752,0.995,0.091,0.091,0.17,0.618,0.846,0.995,0.774,0.091,0.846,0.774,0.752,0.094,0.054,0.586,0.717,0.774,0.774,0.774,0.05,0.752,0.752,0.774,0.505,0.653,0.504,0.504,0.505,0.493,0.499
MAPK Cancer Cell Fate Network,0.004,0.064,asynchronous,0.165,0.093,0.822,0.5,0.858,0.198,0.129,0.093,0.491,0.5,0.854,0.736,0.05,0.979,0.858,0.78,0.05,0.79,0.87,0.77,0.79,0.059,0.78,0.979,0.05,0.051,0.165,0.665,0.854,0.979,0.814,0.05,0.858,0.839,0.777,0.075,0.037,0.626,0.736,0.822,0.822,0.822,0.039,0.791,0.791,0.822,0.491,0.643,0.5,0.5,0.491,0.506,0.51
Mammalian Cell Cycle,0.0,0.0,synchronous,0.999,0.499,0.999,0.5,0.999,0.999,0.999,0.999,0.499,0.499,0.0,0.999,0.499,0.999,0.0,0.499,0.999,0.499,0.999,0.499
Mammalian Cell Cycle,0.0,0.0,asynchronous,0.92,0.494,0.92,0.427,0.92,0.92,0.92,0.92,0.494,0.494,0.0,0.92,0.494,0.92,0.0,0.494,0.92,0.494,0.92,0.494
Mammalian Cell Cycle 2006,0.0,0.002,synchronous,0.474,0.15,0.3,0.3,0.474,0.526,0.225,0.775,0.15,0.225
Mammalian Cell Cycle 2006,0.001,0.005,asynchronous,0.49,0.16,0.272,0.311,0.49,0.51,0.193,0.781,0.159,0.193
Metabolic Interactions in the Gut Microbiome,0.0,0.0,synchronous,0.514,0.509,1.0,0.146,0.426,0.426,0.426,0.49,0.515,1.0,0.426,0.509
Metabolic Interactions in the Gut Microbiome,0.0,0.0,asynchronous,0.508,0.508,1.0,0.223,0.428,0.428,0.428,0.494,0.509,1.0,0.428,0.508
Neurotransmitter Signaling Pathway,0.0,0.0,synchronous,0.252,0.0,0.252,0.252,0.0,1.0,0.504,0.0,0.252,0.0,0.0,0.252,0.0,0.252,0.252,0.502
Neurotransmitter Signaling Pathway,0.004,0.015,asynchronous,0.259,0.011,0.259,0.251,0.011,0.954,0.502,0.076,0.252,0.011,0.046,0.252,0.076,0.252,0.252,0.501
Oxidative Stress Pathway,0.0,0.002,synchronous,0.169,0.113,0.281,0.662,0.225,0.338,0.338,0.169,0.338,0.719,0.719,0.662,0.887,0.338,0.338,0.281,0.169,0.281,0.506
Oxidative Stress Pathway,0.003,0.031,asynchronous,0.323,0.076,0.307,0.618,0.364,0.381,0.382,0.128,0.382,0.693,0.692,0.618,0.973,0.381,0.381,0.381,0.079,0.307,0.511
PC12 Cell Differentiation,0.0,0.0,synchronous,1.0,1.0,1.0,0.518,1.0,1.0,1.0,1.0,1.0,1.0,1.0,1.0,1.0,0.518,1.0,1.0,1.0,1.0,1.0,1.0,1.0,1.0,1.0,0.518,0.518,1.0,1.0,1.0,1.0,1.0,1.0,1.0,1.0,1.0,1.0,1.0,1.0,1.0,0.518,1.0,1.0,1.0,1.0,1.0,1.0,1.0,1.0,1.0,1.0,1.0,1.0,1.0,1.0,1.0,1.0,1.0,1.0,1.0,1.0,1.0,0.518,0.518
PC12 Cell Differentiation,0.0,0.0,asynchronous,0.998,0.998,0.998,0.51,0.998,0.998,0.998,0.998,0.998,0.998,0.998,0.998,0.998,0.51,0.998,0.998,0.998,0.998,0.998,0.998,0.998,0.998,0.998,0.51,0.51,0.998,0.998,0.998,0.998,0.998,0.998,0.998,0.998,0.998,0.998,0.998,0.998,0.998,0.51,0.998,0.998,0.998,0.998,0.998,0.998,0.998,0.998,0.998,0.998,0.998,0.998,0.998,0.998,0.998,0.998,0.998,0.998,0.998,0.998,0.998,0.51,0.51
Predicting Variabilities in Cardiac Gene,0.0,0.0,synchronous,0.992,0.992,0.241,0.248,0.496,0.496,0.496,0.496,0.241,0.496,0.496,0.503,0.496,0.255,0.503
Predicting Variabilities in Cardiac Gene,0.0,0.0,asynchronous,0.879,0.879,0.255,0.257,0.372,0.507,0.507,0.507,0.255,0.507,0.507,0.509,0.507,0.252,0.509
Pro-inflammatory Tumor Microenvironment in Acute Lymphoblastic Leukemia,0.0,0.0,synchronous,0.578,1.0,0.493,0.166,0.0,0.745,0.503,0.0,0.0,0.327,0.496,0.255,0.038,0.422,0.578,0.075,0.503,0.204,0.0,0.578,0.503,0.166,0.075,0.0,0.578,0.745
Pro-inflammatory Tumor Microenvironment in Acute Lymphoblastic Leukemia,0.003,0.005,asynchronous,0.5,1.0,0.5,0.25,0.0,0.751,0.5,0.0,0.0,0.25,0.504,0.249,0.0,0.5,0.5,0.0,0.5,0.25,0.0,0.5,0.5,0.25,0.0,0.0,0.5,0.751
Processing of Spz Network from the Drosophila Signaling Pathway,0.0,0.0,synchronous,0.875,0.875,0.492,0.763,0.492,0.908,0.529,0.875,0.492,0.908,0.496,0.875,0.496,0.382,0.496,0.251,0.875,0.492,0.492,0.496,0.502,0.505,0.529,0.492
Processing of Spz Network from the Drosophila Signaling Pathway,0.0,0.0,asynchronous,0.876,0.876,0.517,0.734,0.517,0.906,0.48,0.876,0.498,0.906,0.5,0.876,0.5,0.36,0.5,0.25,0.876,0.498,0.498,0.5,0.502,0.51,0.48,0.517
Regulation of the L-arabinose operon of Escherichia coli,0.0,0.0,synchronous,0.23,0.488,0.148,0.538,0.148,0.274,0.148,0.148,0.12,0.512,0.509,0.503,0.504
Regulation of the L-arabinose operon of Escherichia coli,0.0,0.0,asynchronous,0.218,0.506,0.156,0.54,0.156,0.282,0.156,0.156,0.126,0.494,0.509,0.5,0.488
SKBR3 Breast Cell Line Long-term ErbB Network,0.0,0.0,synchronous,0.969,0.111,0.0,0.999,0.0,0.995,0.968,0.116,0.63,0.0,0.001,0.0,0.863,0.999,0.18,0.922,0.776,0.001,0.076,0.0,0.0,0.523,0.514,0.49,0.503
SKBR3 Breast Cell Line Long-term ErbB Network,0.0,0.0,asynchronous,0.918,0.114,0.0,0.998,0.0,0.97,0.85,0.135,0.726,0.0,0.002,0.0,0.778,0.992,0.177,0.887,0.665,0.001,0.11,0.0,0.0,0.503,0.507,0.5,0.498
SKBR3 Breast Cell Line Short-term ErbB Network,0.0,0.0,synchronous,0.171,0.984,0.95,0.939,0.998,0.237,0.95,0.969,0.06,0.988,0.988,0.489,0.488,0.508,0.505,0.514
SKBR3 Breast Cell Line Short-term ErbB Network,0.0,0.0,asynchronous,0.206,0.97,0.822,0.82,0.997,0.258,0.814,0.914,0.067,0.962,0.962,0.506,0.498,0.491,0.497,0.505
Senescence Associated Secretory Phenotype,0.0,0.0,synchronous,0.0,0.906,0.992,0.992,0.801,0.774,0.679,0.51,0.098,0.51,0.51,0.992,0.51,0.51,0.992,0.679,0.679,0.679,0.51,0.49,0.51,0.992,0.801,0.992,0.226,0.801,0.0,0.193,0.801,0.245,0.679,0.193,0.992,0.679,0.679,0.992,0.0,0.801,0.0,0.0,0.226,0.754,0.801,0.226,0.51,0.51,0.801,0.51,0.801,0.504,0.51
Senescence Associated Secretory Phenotype,0.003,0.015,asynchronous,0.0,0.94,0.948,0.948,0.896,0.835,0.811,0.493,0.053,0.493,0.493,0.948,0.493,0.493,0.948,0.811,0.811,0.811,0.493,0.5,0.493,0.948,0.895,0.948,0.165,0.895,0.0,0.078,0.896,0.25,0.811,0.078,0.948,0.811,0.811,0.948,0.0,0.895,0.0,0.0,0.165,0.743,0.896,0.165,0.493,0.493,0.895,0.493,0.895,0.499,0.493
Septation Initiation Network,0.0,0.0,synchronous,0.242,0.434,0.372,0.753,0.435,0.497,0.683,0.914,0.683,0.378,0.566,0.822,0.249,0.503,0.502,0.378,0.776,0.139,0.497,0.435,0.683,0.847,0.914,0.495,0.5,0.504,0.491,0.488,0.502,0.503,0.497
Septation Initiation Network,0.0,0.0,asynchronous,0.252,0.434,0.382,0.789,0.434,0.514,0.722,0.81,0.722,0.36,0.566,0.872,0.245,0.486,0.495,0.368,0.722,0.149,0.501,0.434,0.722,0.786,0.81,0.494,0.518,0.503,0.502,0.516,0.495,0.486,0.501
Signal Transduction in Fibroblasts,0.0,0.0,synchronous,0.186,0.005,0.58,0.499,0.648,0.499,0.567,0.552,0.251,0.81,0.996,0.43,0.758,0.111,0.01,0.426,0.654,0.317,0.568,0.137,0.798,0.996,0.5,0.243,0.093,0.654,0.499,0.261,0.21,0.29,0.499,0.084,0.337,0.758,0.501,0.536,0.59,0.098,0.996,0.491,0.758,0.18,0.421,0.282,0.999,0.819,0.527,0.576,0.025,0.59,0.168,0.615,0.38,0.432,0.21,0.524,0.057,0.697,0.091,0.497,0.08,0.186,0.446,0.29,0.752,0.027,0.499,0.426,0.18,0.07,0.364,0.748,0.577,0.131,0.188,0.758,0.597,0.58,0.44,0.533,0.028,0.093,0.185,0.34,0.003,0.07,0.264,0.5,0.221,0.376,0.294,0.093,0.015,0.247,0.331,0.479,0.658,0.658,0.21,0.028,0.172,0.412,0.658,0.326,0.158,0.146,0.499,0.156,0.893,0.13,0.996,0.412,0.364,0.741,0.641,0.243,0.384,0.058,0.429,0.717,0.475,0.258,0.128,0.996,0.506,0.246,0.524,0.025,0.001,0.028,0.508,0.507,0.499,0.499,0.494,0.494,0.515,0.495,0.507
Signal Transduction in Fibroblasts,0.004,0.088,asynchronous,0.128,0.03,0.578,0.482,0.58,0.482,0.611,0.503,0.295,0.797,0.906,0.383,0.739,0.07,0.023,0.4,0.631,0.265,0.529,0.037,0.82,0.906,0.497,0.239,0.056,0.631,0.482,0.232,0.13,0.282,0.494,0.068,0.374,0.739,0.503,0.576,0.46,0.03,0.906,0.479,0.739,0.094,0.438,0.165,0.976,0.831,0.561,0.544,0.066,0.602,0.126,0.579,0.37,0.438,0.13,0.426,0.035,0.582,0.06,0.409,0.054,0.128,0.511,0.282,0.726,0.037,0.497,0.4,0.094,0.131,0.394,0.759,0.504,0.088,0.105,0.739,0.536,0.548,0.351,0.353,0.079,0.056,0.153,0.398,0.08,0.058,0.254,0.433,0.248,0.353,0.345,0.056,0.045,0.353,0.327,0.446,0.628,0.628,0.13,0.038,0.136,0.371,0.628,0.188,0.124,0.114,0.482,0.086,0.901,0.189,0.906,0.371,0.38,0.742,0.616,0.239,0.39,0.029,0.296,0.623,0.444,0.266,0.106,0.906,0.506,0.266,0.55,0.066,0.018,0.038,0.516,0.515,0.482,0.494,0.482,0.512,0.483,0.5,0.502
Signaling Pathway for Butanol Production in Clostridium beijerinckii NRRL B-598,0.0,0.001,synchronous,0.424,0.472,0.797,0.158,0.576,0.472,0.222,0.203,0.5,0.721,0.09,0.374,0.994,0.472,0.263,0.997,0.042,0.998,1.0,0.321,0.783,0.203,0.551,0.835,0.835,0.783,0.472,1.0,0.203,1.0,0.783,0.203,0.203,0.491,0.042,1.0,0.203,0.472,0.987,0.472,0.462,0.472,0.503,0.574,0.987,0.203,0.042,0.236,0.943,0.512,0.51,0.203,0.994,0.497,0.5,0.509,0.508,0.51,0.497,0.514,0.507,0.503,0.506,0.512,0.497,0.525
Signaling Pathway for Butanol Production in Clostridium beijerinckii NRRL B-598,0.003,0.042,asynchronous,0.461,0.46,0.875,0.256,0.538,0.461,0.135,0.123,0.511,0.724,0.065,0.436,0.989,0.459,0.247,0.989,0.023,0.997,1.0,0.276,0.738,0.124,0.514,0.739,0.74,0.738,0.46,1.0,0.124,1.0,0.738,0.125,0.124,0.496,0.018,1.0,0.123,0.46,0.987,0.461,0.462,0.46,0.505,0.537,0.987,0.124,0.023,0.235,0.942,0.509,0.503,0.124,0.989,0.493,0.511,0.491,0.494,0.503,0.505,0.49,0.481,0.505,0.499,0.509,0.496,0.524
Signaling in Macrophage Activation,0.0,0.001,synchronous,0.22,0.501,0.251,0.243,0.501,0.501,0.432,0.355,0.239,0.501,0.48,0.501,0.251,0.663,0.234,0.239,0.233,0.91,0.388,0.431,0.501,0.248,0.234,0.501,0.501,0.512,0.501,0.572,0.499,0.509,0.431,0.598,0.234,0.233,0.501,0.364,0.239,0.233,0.501,0.483,0.501,0.501,0.254,0.432,0.388,0.48,0.501,0.234,0.372,0.499,0.251,0.432,0.254,0.254,0.786,0.239,0.501,0.239,0.501,0.501,0.254,0.254,0.246,0.431,0.501,0.499,0.48,0.501,0.499,0.572,0.247,0.501,0.494,0.244,0.499,0.499,0.251,0.501,0.501,0.198,0.501,0.501,0.501,0.48,0.493,0.254,0.243,0.251,0.501,0.501,0.501,0.254,0.499,0.251,0.751,0.244,0.501,0.572,0.572,0.512,0.501,0.598,0.198,0.233,0.501,0.735,0.431,0.501,0.501,0.501,0.501,0.501,0.501,0.499,0.48,0.243,0.501,0.254,0.254,0.251,0.501,0.254,0.501,0.501,0.252,0.239,0.501,0.239,0.501,0.378,0.501,0.598,0.254,0.239,0.501,0.372,0.48,0.121,0.432,0.254,0.572,0.501,0.501,0.499,0.382,0.499,0.501,0.432,0.251,0.572,0.504,0.501,0.501,0.501,0.499,0.248,0.383,0.251,0.501,0.628,0.494,0.252,0.501,0.234,0.233,0.501,0.501,0.247,0.252,0.849,0.572,0.372,0.233,0.501,0.251,0.501,0.243,0.501,0.252,0.501,0.252,0.432,0.751,0.751,0.501,0.501,0.233,0.52,0.372,0.572,0.751,0.501,0.248,0.22,0.48,0.243,0.372,0.244,0.252,0.501,0.756,0.252,0.499,0.501,0.501,0.501,0.501,0.751,0.251,0.572,0.252,0.501,0.252,0.48,0.432,0.372,0.572,0.48,0.355,0.254,0.254,0.501,0.501,0.239,0.501,0.243,0.423,0.48,0.501,0.252,0.48,0.48,0.239,0.239,0.501,0.501,0.244,0.48,0.431,0.501,0.501,0.849,0.501,0.501,0.572,0.751,0.48,0.751,0.239,0.372,0.572,0.501,0.364,0.501,0.372,0.501,0.501,0.198,0.501,0.383,0.501,0.572,0.431,0.501,0.501,0.501,0.0,0.499,0.751,0.239,0.239,0.244,0.234,0.059,0.251,0.494,0.254,0.423,0.234,0.512,0.244,0.455,0.254,0.499,0.501,0.501,0.501,0.499,0.233,0.501,0.502,0.355,0.572,0.244,0.251,0.501,0.501,0.251,0.251,0.501,0.572,0.25,0.497,0.509,0.496,0.493,0.502,0.501,0.491,0.484,0.49,0.512,0.494,0.501,0.504,0.494,0.499,0.48,0.499,0.493,0.501
Signaling in Macrophage Activation,0.007,0.058,asynchronous,0.233,0.503,0.257,0.252,0.503,0.503,0.441,0.373,0.238,0.503,0.502,0.503,0.257,0.661,0.246,0.238,0.248,0.912,0.382,0.441,0.503,0.255,0.246,0.503,0.503,0.504,0.503,0.567,0.518,0.508,0.441,0.61,0.246,0.248,0.503,0.378,0.238,0.248,0.503,0.483,0.503,0.503,0.258,0.441,0.382,0.502,0.503,0.246,0.384,0.518,0.257,0.441,0.258,0.258,0.799,0.238,0.503,0.238,0.503,0.507,0.258,0.258,0.253,0.441,0.503,0.506,0.502,0.503,0.518,0.568,0.262,0.503,0.502,0.257,0.518,0.506,0.257,0.503,0.503,0.181,0.503,0.507,0.503,0.502,0.501,0.258,0.252,0.257,0.503,0.503,0.503,0.258,0.518,0.257,0.758,0.254,0.503,0.568,0.567,0.504,0.503,0.61,0.181,0.248,0.503,0.756,0.441,0.503,0.503,0.503,0.503,0.503,0.503,0.518,0.502,0.245,0.503,0.258,0.258,0.257,0.503,0.258,0.503,0.503,0.239,0.238,0.503,0.238,0.503,0.378,0.503,0.61,0.258,0.238,0.503,0.384,0.502,0.124,0.441,0.258,0.567,0.507,0.503,0.518,0.373,0.518,0.503,0.441,0.257,0.567,0.51,0.503,0.503,0.503,0.518,0.255,0.384,0.257,0.503,0.648,0.502,0.239,0.507,0.246,0.248,0.503,0.507,0.262,0.239,0.856,0.568,0.384,0.248,0.503,0.257,0.499,0.245,0.503,0.239,0.503,0.239,0.441,0.758,0.758,0.503,0.503,0.248,0.498,0.384,0.567,0.758,0.503,0.255,0.233,0.502,0.252,0.384,0.257,0.239,0.503,0.758,0.239,0.506,0.503,0.503,0.503,0.503,0.758,0.257,0.569,0.239,0.503,0.239,0.502,0.441,0.384,0.567,0.502,0.373,0.258,0.258,0.503,0.503,0.238,0.503,0.252,0.427,0.502,0.503,0.239,0.502,0.502,0.238,0.238,0.503,0.503,0.254,0.502,0.441,0.503,0.503,0.856,0.503,0.503,0.567,0.758,0.502,0.758,0.238,0.384,0.568,0.503,0.378,0.503,0.382,0.503,0.503,0.181,0.503,0.384,0.503,0.567,0.441,0.503,0.503,0.503,0.0,0.506,0.758,0.238,0.238,0.254,0.246,0.063,0.257,0.502,0.258,0.427,0.246,0.504,0.254,0.468,0.258,0.518,0.503,0.503,0.503,0.518,0.248,0.503,0.508,0.373,0.567,0.257,0.257,0.507,0.503,0.257,0.257,0.503,0.567,0.25,0.5,0.508,0.517,0.486,0.508,0.499,0.52,0.504,0.487,0.504,0.504,0.507,0.51,0.502,0.518,0.502,0.506,0.501,0.503
Stomatal Opening Model,0.0,0.0,synchronous,0.361,0.0,0.446,0.65,0.24,0.744,0.36,0.115,0.36,0.744,0.142,0.616,0.115,0.65,0.0,0.429,0.365,0.191,0.272,0.314,0.302,0.752,0.301,0.495,0.37,0.191,0.752,0.378,0.365,0.168,0.64,0.498,0.495,0.365,0.744,0.62,0.36,0.365,0.802,0.37,0.498,0.512,0.488,0.0,0.495,0.5,0.489,0.488,0.502
Stomatal Opening Model,0.002,0.003,asynchronous,0.354,0.0,0.44,0.655,0.262,0.759,0.382,0.136,0.382,0.759,0.118,0.623,0.136,0.656,0.0,0.43,0.37,0.165,0.274,0.315,0.306,0.75,0.291,0.511,0.389,0.165,0.75,0.375,0.37,0.154,0.618,0.507,0.511,0.37,0.759,0.632,0.382,0.37,0.816,0.389,0.507,0.505,0.495,0.0,0.511,0.487,0.51,0.495,0.507
T Cell Receptor Signaling,0.0,0.0,synchronous,0.0,0.0,0.247,0.554,0.0,0.156,0.517,0.504,0.045,0.232,0.0,0.488,0.156,0.48,0.0,0.045,0.0,0.133,0.517,0.697,0.264,0.0,0.038,0.0,0.045,0.156,0.517,0.0,0.264,0.0,0.133,0.736,0.113,0.264,0.48,0.467,0.517,0.156,0.0,0.264,0.156,0.0,0.205,0.517,0.736,0.569,0.264,0.506,0.05,0.0,0.0,0.48,0.119,0.256,0.05,1.0,0.0,0.0,0.48,0.499,0.264,0.0,0.0,0.467,0.156,0.251,0.0,0.0,0.736,1.0,0.501,0.185,0.491,0.499,0.394,0.0,0.0,0.014,0.156,0.48,0.0,0.0,0.499,0.0,0.697,0.517,0.736,0.264,0.119,0.0,0.736,0.48,0.692,0.119,0.51,0.491,0.499,0.517,0.504,0.506,0.48
T Cell Receptor Signaling,0.004,0.04,asynchronous,0.0,0.0,0.247,0.564,0.0,0.167,0.496,0.5,0.048,0.236,0.0,0.5,0.167,0.486,0.0,0.048,0.0,0.154,0.496,0.696,0.258,0.0,0.041,0.0,0.047,0.168,0.496,0.0,0.258,0.001,0.154,0.742,0.109,0.258,0.486,0.458,0.496,0.168,0.0,0.258,0.167,0.0,0.206,0.496,0.742,0.582,0.258,0.492,0.04,0.0,0.0,0.486,0.127,0.25,0.04,1.0,0.0,0.0,0.486,0.498,0.258,0.0,0.0,0.458,0.167,0.247,0.0,0.0,0.742,1.0,0.502,0.198,0.491,0.498,0.392,0.007,0.0,0.027,0.167,0.486,0.0,0.0,0.498,0.0,0.696,0.496,0.742,0.258,0.149,0.0,0.742,0.486,0.694,0.149,0.492,0.491,0.498,0.496,0.5,0.492,0.486
T cell differentiation,0.0,0.0,synchronous,0.506,0.424,0.503,0.351,0.518,0.424,0.643,0.643,0.342,0.351,0.351,0.503,0.179,0.179,0.351,0.179,0.815,0.0,0.643,0.503,0.506,0.513,0.518
T cell differentiation,0.0,0.0,asynchronous,0.48,0.361,0.506,0.464,0.492,0.361,0.533,0.533,0.264,0.464,0.464,0.506,0.231,0.231,0.464,0.231,0.766,0.0,0.533,0.506,0.48,0.481,0.492
T-Cell Signaling 2006,0.0,0.0,synchronous,0.081,0.286,0.042,0.0,0.042,0.042,0.489,0.0,0.0,0.0,0.042,0.0,0.0,0.042,0.042,0.0,0.0,0.0,0.081,0.0,1.0,0.042,0.0,0.042,0.0,0.042,0.042,0.286,0.0,0.0,0.042,0.042,0.0,0.286,0.042,0.042,0.042,0.508,0.491,0.495
T-Cell Signaling 2006,0.002,0.031,asynchronous,0.062,0.311,0.021,0.003,0.022,0.021,0.495,0.003,0.002,0.003,0.021,0.003,0.003,0.021,0.021,0.003,0.003,0.003,0.062,0.005,0.997,0.022,0.003,0.021,0.003,0.022,0.022,0.311,0.002,0.003,0.021,0.022,0.003,0.311,0.022,0.022,0.022,0.495,0.504,0.492
T-LGL Survival Network 2008,0.0,0.0,synchronous,0.001,0.001,0.002,0.002,0.0,0.001,0.002,0.001,0.0,0.002,0.0,0.0,0.001,0.001,0.0,0.001,0.002,0.001,0.0,0.001,0.002,0.002,0.001,0.0,0.002,0.002,0.001,0.0,0.001,0.0,0.0,0.002,0.001,0.002,0.0,0.002,0.0,0.002,0.001,0.001,0.0,0.0,0.0,0.002,0.001,0.002,0.001,0.998,0.002,0.002,0.001,0.001,0.0,0.0,0.504,0.503,0.506,0.483,0.478,0.497,0.503
T-LGL Survival Network 2008,0.001,0.019,asynchronous,0.022,0.022,0.044,0.043,0.011,0.038,0.044,0.038,0.0,0.044,0.0,0.012,0.036,0.013,0.0,0.013,0.044,0.013,0.031,0.043,0.044,0.044,0.013,0.015,0.044,0.044,0.013,0.0,0.022,0.0,0.0,0.043,0.013,0.043,0.031,0.044,0.0,0.045,0.02,0.038,0.023,0.002,0.0,0.043,0.013,0.043,0.038,0.955,0.043,0.044,0.038,0.013,0.0,0.031,0.509,0.489,0.496,0.487,0.502,0.508,0.497
T-LGL Survival Network 2011,0.0,0.0,synchronous,0.001,0.0,0.001,0.001,0.001,0.0,0.001,0.0,0.001,0.001,0.0,0.001,0.0,0.0,0.001,0.0,0.0,0.001,0.0,0.001,0.001,0.001,0.001,0.0,0.001,0.001,0.001,0.001,0.001,0.001,0.0,0.001,0.001,0.0,0.001,0.001,0.0,0.0,0.0,0.0,0.001,0.001,0.001,0.0,0.001,0.999,0.001,0.001,0.0,0.0,0.001,0.001,0.001,0.001,0.493,0.505,0.488,0.494,0.507,0.49
T-LGL Survival Network 2011,0.001,0.002,asynchronous,0.009,0.0,0.026,0.014,0.026,0.0,0.026,0.017,0.009,0.009,0.0,0.009,0.0,0.012,0.026,0.0,0.017,0.026,0.0,0.009,0.026,0.026,0.026,0.0,0.026,0.026,0.026,0.026,0.026,0.026,0.007,0.026,0.026,0.009,0.026,0.026,0.017,0.008,0.0,0.0,0.014,0.021,0.026,0.0,0.009,0.974,0.026,0.009,0.007,0.0,0.026,0.026,0.026,0.009,0.488,0.506,0.491,0.493,0.511,0.494
T-LGL Survival Network 2011 Reduced Network,0.0,0.0,synchronous,0.0,0.024,0.024,0.022,0.024,0.0,0.012,0.0,0.024,0.024,0.0,0.012,0.0,0.024,0.024,0.0,0.0,0.976
T-LGL Survival Network 2011 Reduced Network,0.001,0.001,asynchronous,0.0,0.095,0.095,0.071,0.095,0.0,0.047,0.0,0.095,0.095,0.0,0.048,0.0,0.095,0.095,0.0,0.0,0.905
TOL Regulatory Network,0.0,0.0,synchronous,0.488,0.516,0.048,0.244,0.04,0.494,0.236,0.506,0.244,0.494,0.34,0.212,0.246,0.506,0.488,0.499,0.504,0.494,0.516,0.506,0.506,0.515,0.494,0.505
TOL Regulatory Network,0.0,0.0,asynchronous,0.509,0.522,0.036,0.248,0.031,0.508,0.257,0.498,0.248,0.508,0.328,0.195,0.226,0.498,0.509,0.505,0.493,0.488,0.522,0.478,0.498,0.492,0.508,0.5
Toll Pathway of Drosophila Signaling Pathway,0.0,0.0,synchronous,0.492,0.492,0.492,0.492,0.756,0.492,0.244,0.244,0.244,0.508,0.499
Toll Pathway of Drosophila Signaling Pathway,0.0,0.0,asynchronous,0.477,0.477,0.477,0.477,0.77,0.477,0.23,0.23,0.23,0.523,0.495
Treatment of Castration-Resistant Prostate Cancer,0.0,0.0,synchronous,0.79,0.258,0.38,0.396,0.154,0.437,0.504,0.424,0.437,0.62,0.688,0.726,0.872,0.254,0.746,0.38,0.396,0.501,0.503,0.79,0.854,0.424,0.396,0.846,0.493,0.758,0.726,0.746,0.502,0.501,0.492,0.503,0.502,0.507,0.494,0.51,0.504,0.495,0.492,0.493,0.493,0.5
Treatment of Castration-Resistant Prostate Cancer,0.0,0.0,asynchronous,0.775,0.243,0.379,0.395,0.156,0.449,0.497,0.425,0.449,0.621,0.676,0.705,0.876,0.258,0.742,0.379,0.395,0.497,0.507,0.775,0.84,0.425,0.395,0.844,0.505,0.745,0.705,0.742,0.486,0.497,0.498,0.507,0.491,0.519,0.504,0.494,0.497,0.489,0.488,0.495,0.505,0.497
Trichostrongylus retortaeformis,0.0,0.0,synchronous,0.803,0.815,0.032,0.039,0.039,0.039,0.0,0.0,0.108,0.993,0.032,0.803,0.032,0.82,0.588,0.82,0.993,0.039,0.0,0.803,0.803,0.0,0.588,0.516,0.039,0.516
Trichostrongylus retortaeformis,0.002,0.008,asynchronous,0.732,0.844,0.061,0.071,0.071,0.071,0.0,0.0,0.144,0.949,0.061,0.732,0.061,0.875,0.642,0.875,0.949,0.071,0.0,0.732,0.732,0.0,0.642,0.51,0.071,0.51
Tumour Cell Invasion and Migration,0.0,0.0,synchronous,0.573,0.573,0.496,0.276,0.444,0.363,0.622,0.283,0.463,0.015,0.573,0.806,0.1,0.283,0.85,0.463,0.622,0.57,0.177,0.723,0.673,0.15,0.147,0.098,0.626,0.0,0.111,0.57,0.1,0.049,0.496,0.501
Tumour Cell Invasion and Migration,0.0,0.0,asynchronous,0.577,0.577,0.5,0.219,0.372,0.372,0.577,0.372,0.372,0.08,0.577,0.577,0.298,0.372,0.577,0.372,0.577,0.577,0.08,0.577,0.876,0.423,0.298,0.219,0.577,0.0,0.298,0.577,0.0,0.0,0.5,0.502
VEGF Pathway of Drosophila Signaling Pathway,0.0,0.0,synchronous,0.028,0.028,0.06,0.445,0.878,0.028,0.878,0.06,0.878,0.972,0.521,0.496,0.498,0.512,0.5,0.497,0.498,0.513
VEGF Pathway of Drosophila Signaling Pathway,0.0,0.0,asynchronous,0.031,0.031,0.063,0.427,0.878,0.031,0.878,0.063,0.878,0.969,0.519,0.481,0.525,0.498,0.501,0.51,0.496,0.501
Wg Pathway of Drosophila Signalling Pathways,0.0,0.0,synchronous,0.106,0.754,0.251,0.488,0.246,0.106,0.002,0.211,0.754,0.24,0.754,0.251,0.505,0.504,0.493,0.5,0.502,0.505,0.508,0.506,0.488,0.509,0.517,0.514,0.509,0.503
Wg Pathway of Drosophila Signalling Pathways,0.001,0.002,asynchronous,0.104,0.743,0.241,0.495,0.257,0.104,0.003,0.208,0.743,0.247,0.743,0.241,0.506,0.508,0.504,0.503,0.499,0.514,0.514,0.486,0.495,0.493,0.499,0.499,0.505,0.499
Yeast Apoptosis,0.0,0.0,synchronous,0.509,0.732,0.504,0.49,0.502,0.504,0.502,0.999,0.49,1.0,0.506,0.502,0.49,0.49,0.502,0.994,1.0,1.0,0.502,0.732,0.502,0.758,0.746,0.999,0.502,1.0,0.494,0.491,0.732,0.506,0.758,0.0,0.502,0.49,0.522,0.868,0.502,0.508,0.868,0.248,0.502,0.868,0.502,0.509,0.506,0.502,0.502,0.509,0.502,0.49,0.746,0.746,0.88,0.502,1.0,0.0,0.491,0.502,0.937,0.502,0.493,0.496,0.486,0.508,0.502,0.491,0.506,0.504,0.509,0.503,0.523,0.522,0.49
Yeast Apoptosis,0.003,0.007,asynchronous,0.495,0.748,0.515,0.502,0.507,0.515,0.507,0.994,0.502,1.0,0.499,0.507,0.502,0.502,0.507,0.994,1.0,1.0,0.507,0.748,0.507,0.77,0.749,0.994,0.507,0.999,0.501,0.498,0.748,0.499,0.77,0.0,0.507,0.502,0.501,0.876,0.507,0.514,0.876,0.244,0.507,0.876,0.507,0.495,0.499,0.507,0.507,0.495,0.507,0.502,0.748,0.748,0.881,0.507,1.0,0.0,0.498,0.507,0.938,0.507,0.512,0.499,0.502,0.514,0.507,0.498,0.499,0.515,0.495,0.512,0.5,0.501,0.502
