Apoptosis Network,0.001,synchronous,0.265,0.138,0.418,0.504,0.504,0.504,0.206,0.013,0.504,0.206,0.133,0.279,0.608,0.132,0.206,0.265,0.621,0.447,0.138,0.493,0.279,0.265,0.504,0.504,0.504,0.241,0.38,0.504,0.504,0.447,0.493,0.493,0.621,0.504,0.132,0.181,0.441,0.265,0.16,0.504,0.493
Apoptosis Network,0.027,asynchronous,0.532,0.286,0.244,0.511,0.511,0.511,0.19,0.073,0.511,0.189,0.161,0.247,0.683,0.249,0.188,0.532,0.585,0.495,0.286,0.496,0.246,0.532,0.511,0.511,0.511,0.288,0.416,0.511,0.511,0.495,0.496,0.496,0.579,0.511,0.166,0.271,0.447,0.532,0.185,0.511,0.496
Arabidopsis thaliana Cell Cycle,0.012,synchronous,0.268,0.181,0.449,0.541,0.544,0.459,0.364,0.539,0.727,0.276,0.541,0.449,0.36,0.633
Arabidopsis thaliana Cell Cycle,0.027,asynchronous,0.278,0.263,0.422,0.602,0.472,0.536,0.553,0.462,0.677,0.263,0.441,0.387,0.368,0.567
Aurora Kinase A in Neuroblastoma,0.001,synchronous,0.188,0.223,0.538,0.277,0.788,0.55,0.777,0.788,0.777,0.777,0.534,0.278,0.192,0.777,0.278,0.212,0.372,0.812,0.534,0.502,0.512,0.506,0.5
Aurora Kinase A in Neuroblastoma,0.016,asynchronous,0.418,0.418,0.462,0.249,0.582,0.462,0.582,0.582,0.582,0.582,0.46,0.121,0.418,0.582,0.244,0.418,0.431,0.582,0.46,0.501,0.498,0.49,0.501
B bronchiseptica and T retortaeformis coinfection,0.0,synchronous,0.0,0.0,0.015,0.02,0.0,0.0,0.027,0.015,0.027,0.02,0.0,0.0,0.0,0.0,0.02,0.0,0.488,0.02,0.488,0.027,0.02,0.999,0.718,0.718,0.027,0.0,0.0,0.133,0.749,0.718,0.0,0.999,0.0,0.718,0.0,0.0,0.02,0.02,0.0,0.0,0.999,0.027,0.0,0.75,0.02,0.0,0.027,0.998,0.48,0.025,0.75,0.0,0.488
B bronchiseptica and T retortaeformis coinfection,0.0,asynchronous,0.0,0.0,0.111,0.111,0.001,0.0,0.134,0.111,0.136,0.111,0.0,0.0,0.0,0.0,0.111,0.0,0.502,0.111,0.502,0.136,0.111,0.956,0.61,0.61,0.136,0.0,0.001,0.189,0.776,0.61,0.0,0.96,0.0,0.61,0.0,0.0,0.111,0.111,0.0,0.0,0.956,0.135,0.0,0.799,0.111,0.0,0.134,0.924,0.456,0.111,0.799,0.0,0.502
B cell differentiation,0.0,synchronous,0.513,0.506,0.497,0.498,0.481,0.098,0.506,0.497,0.1,0.035,0.498,0.9,0.481,0.513,0.075,0.957,0.899,0.497,0.506,0.481,0.498,0.513
B cell differentiation,0.0,asynchronous,0.492,0.493,0.487,0.499,0.502,0.199,0.493,0.487,0.199,0.065,0.499,0.801,0.502,0.492,0.139,0.926,0.801,0.487,0.493,0.502,0.499,0.492
BT474 Breast Cell Line Long-term ErbB Network,0.0,synchronous,1.0,0.947,0.0,0.238,0.0,0.436,0.601,0.49,0.0,0.56,0.896,0.104,0.0,1.0,0.111,0.194,0.0,0.116,0.862,0.0,0.494,0.51,0.496,0.516
BT474 Breast Cell Line Long-term ErbB Network,0.0,asynchronous,0.999,0.878,0.0,0.238,0.0,0.39,0.661,0.502,0.0,0.636,0.849,0.093,0.0,1.0,0.149,0.187,0.0,0.145,0.764,0.0,0.5,0.502,0.489,0.509
BT474 Breast Cell Line Short-term ErbB Network,0.0,synchronous,0.989,0.952,1.0,0.999,0.998,0.976,0.999,0.206,0.263,0.123,0.979,0.506,0.492,0.503,0.509,0.516
BT474 Breast Cell Line Short-term ErbB Network,0.0,asynchronous,0.945,0.809,0.999,0.995,0.981,0.932,0.995,0.191,0.243,0.112,0.896,0.502,0.502,0.508,0.499,0.482
Bordetella bronchiseptica,0.0,synchronous,0.016,0.032,0.016,0.984,0.016,0.0,0.0,0.0,0.016,0.0,0.032,0.0,0.032,0.016,0.0,0.016,0.032,0.0,0.0,0.032,0.0,0.032,0.016,0.016,0.016,0.0,0.964,0.016,0.0,0.0,0.0,0.0,0.0
Bordetella bronchiseptica,0.004,asynchronous,0.003,0.002,0.005,0.919,0.003,0.0,0.0,0.002,0.004,0.001,0.002,0.0,0.002,0.0,0.003,0.002,0.002,0.0,0.003,0.002,0.003,0.002,0.002,0.002,0.003,0.0,0.829,0.0,0.0,0.001,0.003,0.0,0.003
Bortezomib Responses in U266 Human Myeloma Cells,0.0,synchronous,0.998,0.997,0.002,0.997,0.508,0.997,0.003,1.0,0.0,0.0,1.0,0.997,0.0,0.003,0.997,0.997,0.0,0.0,0.998,0.003,0.0,0.998,0.003,0.997,0.997,1.0,0.003,1.0,0.997,0.998,0.003,0.003,0.003,0.003,0.997,0.492,1.0,0.997,0.998,0.003,0.003,1.0,0.003,1.0,0.003,0.003,1.0,0.003,0.003,0.997,0.998,1.0,0.003,0.0,0.997,0.997,0.997,0.003,0.508,0.003,0.998,0.003,0.508,1.0,1.0,1.0,0.0
Bortezomib Responses in U266 Human Myeloma Cells,0.0,asynchronous,0.959,0.959,0.041,0.959,0.496,0.959,0.041,1.0,0.025,0.025,1.0,0.959,0.025,0.041,0.959,0.959,0.0,0.0,0.959,0.041,0.025,0.976,0.041,0.959,0.959,1.0,0.041,1.0,0.959,0.976,0.041,0.041,0.041,0.041,0.959,0.504,1.0,0.959,0.959,0.041,0.041,0.975,0.041,1.0,0.041,0.041,1.0,0.041,0.041,0.959,0.959,1.0,0.041,0.025,0.959,0.959,0.959,0.041,0.496,0.041,0.959,0.041,0.496,1.0,1.0,1.0,0.0
Budding Yeast Cell Cycle,0.002,synchronous,0.182,0.564,0.724,0.26,0.492,0.033,0.005,0.26,0.182,0.182,0.117,0.356,0.033,0.022,0.022,0.581,0.527,0.508,0.48,0.518
Budding Yeast Cell Cycle,0.006,asynchronous,0.194,0.584,0.704,0.225,0.497,0.036,0.003,0.225,0.195,0.195,0.187,0.35,0.036,0.023,0.023,0.604,0.495,0.503,0.494,0.5
Budding Yeast Cell Cycle 2009,0.038,synchronous,0.357,0.358,0.731,0.361,0.092,0.732,0.642,0.272,0.64,0.731,0.55,0.358,0.552,0.552,0.368,0.269,0.358,0.365
Budding Yeast Cell Cycle 2009,0.024,asynchronous,0.365,0.366,0.816,0.364,0.126,0.727,0.628,0.305,0.628,0.788,0.488,0.311,0.697,0.489,0.34,0.241,0.368,0.307
CD4 T cell signaling,0.0,synchronous,0.501,0.502,0.258,0.751,0.611,0.5,0.164,0.207,0.124,0.132,0.556,0.502,0.871,0.45,0.502,0.972,0.501,0.751,0.227,0.79,0.79,0.88,0.501,0.751,0.812,0.501,0.871,0.871,0.654,0.71,0.751,0.871,0.056,0.553,0.189,0.751,0.486,0.874,0.5,0.751,0.744,0.386,0.721,0.252,0.944,0.79,0.227,0.944,0.871,0.755,0.423,0.164,0.873,0.501,0.501,0.501,0.925,0.246,0.064,0.682,0.972,0.499,0.502,0.252,0.484,0.501,0.496,0.501,0.512,0.189,0.874,0.751,0.512,0.892,0.802,0.124,0.512,0.518,0.682,0.802,0.087,0.218,0.751,0.501,0.936,0.892,0.751,0.501,0.751,0.751,0.258,0.873,0.214,0.058,0.953,0.873,0.218,0.986,0.157,0.501,0.992,0.874,0.502,0.5,0.751,0.16,0.262,0.16,0.874,0.29,0.744,0.171,0.512,0.944,0.874,0.748,0.751,0.501,0.501,0.5,0.15,0.155,0.744,0.087,0.874,0.682,0.258,0.944,0.744,0.258,0.751,0.786,0.44,0.258,0.085,0.258,0.29,0.874,0.258,0.874,0.126,0.874,0.087,0.423,0.512,0.501,0.751,0.653,0.871,0.556,0.512,0.501,0.496,0.751,0.492,0.507,0.0,0.502,0.506,0.504,0.521,0.504,0.489,0.496,0.5,0.512,0.486,0.498,0.499,0.501,0.502,0.501,0.497,0.483,0.5,0.491,0.508,0.496,0.493,0.497,0.495,0.507,0.486,0.504,0.496,0.501,0.486,0.484
CD4 T cell signaling,0.0,asynchronous,0.506,0.508,0.26,0.752,0.582,0.5,0.166,0.166,0.125,0.12,0.55,0.508,0.886,0.426,0.508,0.976,0.506,0.752,0.334,0.794,0.794,0.881,0.506,0.752,0.822,0.506,0.883,0.883,0.595,0.599,0.752,0.883,0.061,0.537,0.144,0.752,0.509,0.88,0.5,0.752,0.746,0.326,0.736,0.276,0.939,0.794,0.334,0.939,0.883,0.75,0.445,0.334,0.866,0.506,0.506,0.506,0.913,0.262,0.059,0.599,0.976,0.51,0.508,0.276,0.498,0.506,0.488,0.506,0.507,0.144,0.88,0.752,0.507,0.887,0.8,0.132,0.507,0.516,0.599,0.8,0.094,0.212,0.752,0.506,0.941,0.887,0.752,0.506,0.752,0.752,0.26,0.866,0.205,0.067,0.81,0.866,0.212,0.989,0.181,0.506,0.992,0.88,0.508,0.502,0.752,0.199,0.255,0.199,0.88,0.29,0.746,0.191,0.507,0.939,0.88,0.724,0.752,0.506,0.506,0.5,0.125,0.157,0.746,0.094,0.88,0.599,0.26,0.939,0.746,0.26,0.752,0.794,0.409,0.26,0.09,0.26,0.29,0.88,0.26,0.88,0.12,0.88,0.094,0.445,0.507,0.506,0.752,0.654,0.883,0.55,0.507,0.506,0.488,0.752,0.511,0.489,0.0,0.506,0.496,0.497,0.51,0.495,0.509,0.488,0.502,0.507,0.509,0.503,0.51,0.529,0.508,0.506,0.512,0.506,0.5,0.498,0.503,0.507,0.51,0.491,0.49,0.484,0.507,0.507,0.509,0.502,0.502,0.498
CD4+ T Cell Differentiation and Plasticity,0.0,synchronous,0.029,0.033,0.451,0.041,0.088,0.093,0.291,0.69,0.106,0.044,0.064,0.661,0.494,0.489,0.514,0.512,0.496,0.488
CD4+ T Cell Differentiation and Plasticity,0.0,asynchronous,0.045,0.071,0.436,0.056,0.084,0.094,0.322,0.724,0.086,0.039,0.174,0.68,0.507,0.492,0.489,0.501,0.494,0.505
CD4+ T cell Differentiation,0.0,synchronous,0.233,0.269,0.01,0.808,0.238,0.017,0.464,0.03,0.239,0.514,0.08,0.239,0.682,0.045,0.133,0.23,0.978,0.479,0.017,0.467,0.287,0.978,0.525,0.741,0.021,0.08,0.097,0.017,0.464,0.496,0.497,0.503,0.511,0.493,0.494,0.514,0.508,0.526
CD4+ T cell Differentiation,0.002,asynchronous,0.234,0.251,0.029,0.702,0.251,0.013,0.448,0.012,0.228,0.52,0.067,0.228,0.599,0.156,0.174,0.226,0.906,0.372,0.013,0.485,0.294,0.906,0.533,0.64,0.014,0.067,0.127,0.013,0.448,0.499,0.497,0.501,0.51,0.533,0.49,0.488,0.496,0.5
Cardiac developmen,0.0,synchronous,0.503,0.249,0.994,0.503,0.503,0.254,0.994,0.254,0.503,0.508,0.249,0.503,0.503,0.491,0.508
Cardiac developmen,0.0,asynchronous,0.488,0.26,0.878,0.488,0.488,0.228,0.878,0.246,0.488,0.474,0.26,0.488,0.488,0.39,0.474
Cell Cycle Transcription by Coupled CDK and Network Oscillators,0.004,synchronous,0.05,0.101,0.05,0.05,0.101,0.05,0.05,0.05,0.05
Cell Cycle Transcription by Coupled CDK and Network Oscillators,0.003,asynchronous,0.0,0.002,0.0,0.0,0.0,0.0,0.0,0.0,0.0
Cholesterol Regulatory Pathway,0.001,synchronous,0.487,0.215,0.205,0.488,0.487,0.016,0.016,0.487,0.216,0.016,0.487,0.487,0.016,0.487,0.205,0.016,0.487,0.205,0.487,0.487,0.487,0.984,0.487,0.487,0.487,0.487,0.497,0.205,0.487,0.487,0.228,0.016,0.487,0.487
Cholesterol Regulatory Pathway,0.009,asynchronous,0.505,0.242,0.241,0.515,0.504,0.001,0.001,0.505,0.247,0.001,0.506,0.505,0.001,0.504,0.243,0.001,0.504,0.244,0.504,0.506,0.505,0.998,0.505,0.505,0.505,0.505,0.492,0.246,0.506,0.505,0.249,0.0,0.505,0.504
Colitis-associated colon cancer,0.0,synchronous,0.027,0.036,0.265,0.265,0.94,0.0,0.969,0.472,0.472,0.539,0.0,0.265,0.941,0.056,0.71,0.265,0.028,0.191,0.941,0.035,0.969,0.265,0.135,0.028,0.035,0.0,0.266,0.967,0.968,0.0,0.265,0.675,0.94,0.472,0.303,0.94,0.94,0.265,0.964,0.94,0.265,0.969,0.805,0.027,0.06,0.94,0.036,0.0,0.94,0.035,0.805,0.265,0.265,0.036,0.969,0.969,0.0,0.94,0.266,0.132,0.48,0.035,0.939,0.06,0.94,0.035,0.303,0.028,0.939,0.498
Colitis-associated colon cancer,0.013,asynchronous,0.12,0.196,0.43,0.43,0.694,0.0,0.838,0.346,0.349,0.719,0.0,0.43,0.694,0.289,0.506,0.43,0.145,0.501,0.694,0.197,0.838,0.43,0.212,0.146,0.242,0.0,0.43,0.848,0.84,0.0,0.43,0.264,0.694,0.345,0.635,0.694,0.694,0.43,0.814,0.694,0.43,0.838,0.481,0.122,0.306,0.694,0.194,0.0,0.694,0.197,0.484,0.43,0.43,0.194,0.838,0.837,0.0,0.694,0.43,0.211,0.43,0.242,0.694,0.306,0.694,0.197,0.635,0.144,0.694,0.512
Cortical Area Development,0.0,synchronous,0.884,0.116,0.116,0.884,0.116
Cortical Area Development,0.015,asynchronous,0.71,0.284,0.284,0.715,0.284
Death Receptor Signaling,0.0,synchronous,0.496,0.033,0.257,0.033,0.166,0.051,0.248,0.255,0.742,0.742,0.677,0.742,0.248,0.166,0.323,0.503,0.033,0.029,0.677,0.492,0.166,0.033,0.033,0.677,0.033,0.506,0.503,0.503
Death Receptor Signaling,0.0,asynchronous,0.403,0.105,0.25,0.105,0.19,0.192,0.284,0.252,0.722,0.722,0.532,0.722,0.284,0.19,0.468,0.502,0.105,0.105,0.532,0.403,0.19,0.105,0.105,0.532,0.105,0.5,0.502,0.503
Differentiation of T lymphocytes,0.0,synchronous,0.378,0.785,0.003,0.567,0.012,0.794,0.003,0.003,0.567,0.519,0.487,0.212,0.212,0.5,0.259,0.033,0.474,0.501,0.212,0.494,0.0,0.814,0.567,0.567,0.567,0.5,0.493,0.0,0.012,0.117,0.475,0.117,0.003,0.0,0.481,1.0,0.033,1.0,0.0,0.012,0.033,0.481,0.494,0.501,0.493,0.494,0.505,0.519,0.505,0.475
Differentiation of T lymphocytes,0.0,asynchronous,0.213,0.854,0.028,0.58,0.044,0.795,0.028,0.028,0.58,0.509,0.478,0.138,0.138,0.469,0.254,0.177,0.411,0.489,0.138,0.494,0.008,0.816,0.58,0.58,0.58,0.469,0.498,0.008,0.044,0.112,0.506,0.121,0.028,0.008,0.508,0.992,0.177,0.992,0.008,0.044,0.177,0.508,0.501,0.489,0.498,0.494,0.491,0.509,0.516,0.506
EGFR & ErbB Signaling,0.0,synchronous,1.0,0.0,0.0,0.573,1.0,0.0,0.0,0.982,1.0,0.0,1.0,1.0,0.0,0.0,0.0,1.0,1.0,1.0,1.0,1.0,0.0,0.0,1.0,1.0,1.0,0.0,1.0,0.0,0.0,1.0,0.573,0.0,0.0,0.0,1.0,0.573,0.573,0.0,0.0,0.993,0.0,0.0,1.0,1.0,1.0,0.0,1.0,0.0,0.0,0.573,1.0,0.0,0.0,0.573,1.0,0.0,0.0,1.0,1.0,0.0,0.573,1.0,0.427,0.0,1.0,0.0,0.0,0.0,0.573,0.573,0.573,0.0,0.427,0.573,1.0,0.0,1.0,1.0,1.0,1.0,1.0,0.0,0.482,0.484,0.525,1.0,0.516,0.508,0.0,0.488,1.0,0.521,0.507,1.0,1.0,0.5,1.0,0.504,1.0,1.0,0.493,0.497,0.0,0.495
EGFR & ErbB Signaling,0.013,asynchronous,1.0,0.0,0.0,0.544,1.0,0.0,0.0,0.986,1.0,0.0,1.0,1.0,0.0,0.0,0.0,1.0,1.0,1.0,1.0,1.0,0.0,0.0,1.0,1.0,1.0,0.0,1.0,0.0,0.0,1.0,0.536,0.0,0.0,0.0,1.0,0.538,0.547,0.0,0.0,0.995,0.0,0.0,1.0,1.0,1.0,0.0,1.0,0.0,0.0,0.546,1.0,0.0,0.0,0.545,1.0,0.0,0.0,1.0,1.0,0.0,0.541,1.0,0.47,0.0,1.0,0.0,0.0,0.0,0.544,0.547,0.533,0.0,0.466,0.534,1.0,0.0,1.0,1.0,1.0,1.0,1.0,0.0,0.484,0.507,0.499,1.0,0.502,0.478,0.0,0.488,1.0,0.502,0.5,1.0,1.0,0.492,1.0,0.497,1.0,1.0,0.489,0.508,0.0,0.502
FA BRCA pathway,0.0,synchronous,0.0,0.0,0.0,0.0,0.0,0.5,0.0,0.0,0.0,0.0,0.0,0.0,0.0,0.0,0.0,0.0,0.0,0.0,0.0,0.0,0.0,0.0,0.0,0.0,0.0,0.0,0.0,0.0
FA BRCA pathway,0.025,asynchronous,0.012,0.012,0.019,0.032,0.0,0.492,0.0,0.021,0.011,0.015,0.006,0.006,0.0,0.0,0.0,0.0,0.0,0.01,0.032,0.006,0.0,0.032,0.0,0.022,0.031,0.0,0.0,0.031
FGF pathway of Drosophila Signalling Pathways,0.0,synchronous,0.511,0.438,0.054,0.744,0.024,0.976,0.878,0.438,0.024,0.054,0.438,0.438,0.024,0.438,0.498,0.482,0.498,0.503,0.486,0.499,0.499,0.511,0.502
FGF pathway of Drosophila Signalling Pathways,0.0,asynchronous,0.498,0.441,0.058,0.752,0.034,0.966,0.877,0.441,0.034,0.058,0.441,0.441,0.034,0.441,0.503,0.492,0.508,0.521,0.507,0.504,0.503,0.498,0.493
Fanconi anemia and checkpoint recovery,0.0,synchronous,0.0,0.0,0.0,0.0,0.0,0.0,0.0,0.5,0.0,0.0,0.0,0.0,0.0,0.0,0.0
Fanconi anemia and checkpoint recovery,0.024,asynchronous,0.003,0.016,0.003,0.005,0.001,0.005,0.017,0.496,0.004,0.003,0.004,0.012,0.005,0.006,0.001
Glucose Repression Signaling 2009,0.0,synchronous,0.486,0.514,1.0,1.0,0.514,0.49,0.514,0.0,0.514,0.514,1.0,0.486,0.514,0.514,0.486,0.245,0.514,0.514,0.514,0.486,1.0,0.514,0.486,0.0,0.514,0.486,0.514,0.514,0.309,0.514,0.514,0.514,1.0,0.514,0.514,0.514,0.514,0.486,0.514,0.514,0.309,0.486,0.245,0.262,0.486,0.0,0.486,0.514,0.486,0.505,0.309,0.309,0.514,0.486,0.691,1.0,1.0,0.49,1.0,1.0,1.0,1.0,1.0,1.0,1.0,1.0,0.486,1.0,0.505,1.0,1.0,1.0,1.0
Glucose Repression Signaling 2009,0.0,asynchronous,0.492,0.508,1.0,1.0,0.508,0.49,0.508,0.0,0.508,0.508,1.0,0.492,0.508,0.508,0.492,0.249,0.508,0.508,0.508,0.492,1.0,0.508,0.492,0.0,0.508,0.492,0.508,0.508,0.321,0.508,0.508,0.508,1.0,0.508,0.508,0.508,0.508,0.492,0.508,0.508,0.321,0.492,0.249,0.241,0.492,0.0,0.492,0.508,0.492,0.491,0.321,0.321,0.508,0.492,0.679,1.0,1.0,0.49,1.0,1.0,1.0,1.0,1.0,1.0,1.0,1.0,0.492,1.0,0.491,1.0,1.0,1.0,1.0
Guard Cell Abscisic Acid Signaling,0.0,synchronous,0.163,0.213,0.163,0.543,0.213,0.163,0.376,0.163,0.213,0.512,0.512,0.427,0.512,0.213,0.233,0.512,0.163,0.213,0.512,0.756,0.488,0.213,0.512,0.163,0.512,0.0,0.488,0.488,0.213,0.512,0.756,0.488,0.213,1.0,0.213,0.213,0.213,0.512,0.376,0.163,1.0,0.512,1.0,1.0
Guard Cell Abscisic Acid Signaling,0.005,asynchronous,0.187,0.003,0.187,0.751,0.004,0.187,0.189,0.187,0.003,0.504,0.504,0.006,0.504,0.004,0.317,0.504,0.187,0.004,0.504,0.754,0.496,0.005,0.504,0.187,0.504,0.0,0.496,0.496,0.003,0.504,0.753,0.496,0.003,1.0,0.003,0.004,0.004,0.504,0.189,0.187,1.0,0.504,1.0,1.0
HCC1954 Breast Cell Line Long-term ErbB Network,0.0,synchronous,0.0,0.25,0.999,0.901,0.962,0.747,0.0,0.008,0.22,0.982,0.53,0.991,0.25,0.0,0.004,0.982,0.95,0.091,0.09,0.508,0.484,0.511,0.493
HCC1954 Breast Cell Line Long-term ErbB Network,0.0,asynchronous,0.0,0.264,0.988,0.854,0.915,0.758,0.0,0.015,0.194,0.976,0.676,0.984,0.265,0.0,0.01,0.976,0.9,0.094,0.137,0.488,0.491,0.493,0.484
HCC1954 Breast Cell Line Short-term ErbB Network,0.0,synchronous,0.954,0.121,0.952,0.251,0.251,0.989,0.999,0.999,0.999,0.987,0.976,0.506,0.51,0.501,0.492,0.504
HCC1954 Breast Cell Line Short-term ErbB Network,0.0,asynchronous,0.82,0.117,0.818,0.24,0.24,0.952,0.998,0.998,0.998,0.97,0.935,0.494,0.51,0.506,0.497,0.504
HGF Signaling in Keratinocytes,0.001,synchronous,0.618,0.652,0.583,0.652,0.618,0.618,0.652,0.75,0.583,0.583,0.618,0.583,0.75,0.509,0.618,0.618,0.652,0.75,0.583,0.583,0.75,0.75,0.583,0.583,0.035,0.618,0.583,0.75,0.618,0.618,0.583,0.618,0.652,0.617,0.652,0.618,0.75,0.583,0.618,0.618,0.583,0.583,0.583,0.583,0.035,0.583,0.75,0.75,0.583,0.583,0.75,0.618,0.618,0.583,0.583,0.583,0.75,0.583,0.75,0.618,0.75,0.75,0.0,0.0,0.0,1.0,0.509,0.493
HGF Signaling in Keratinocytes,0.002,asynchronous,0.553,0.554,0.553,0.554,0.553,0.553,0.554,0.766,0.552,0.552,0.553,0.553,0.766,0.508,0.553,0.553,0.554,0.766,0.553,0.552,0.766,0.766,0.553,0.552,0.001,0.553,0.553,0.766,0.553,0.553,0.552,0.553,0.554,0.553,0.554,0.553,0.766,0.552,0.553,0.553,0.553,0.553,0.553,0.553,0.001,0.552,0.766,0.766,0.553,0.553,0.766,0.553,0.553,0.552,0.553,0.553,0.766,0.553,0.766,0.554,0.766,0.766,0.0,0.0,0.0,1.0,0.508,0.498
HH Pathway of Drosophila Signaling Pathways,0.0,synchronous,0.664,0.992,0.507,0.252,0.748,0.664,0.748,0.008,0.044,0.252,0.507,0.501,0.504,0.508,0.508,0.497,0.516,0.507,0.514,0.52,0.496,0.505,0.502,0.51
HH Pathway of Drosophila Signaling Pathways,0.0,asynchronous,0.672,0.991,0.504,0.252,0.748,0.672,0.748,0.009,0.048,0.252,0.504,0.502,0.494,0.514,0.511,0.507,0.497,0.504,0.495,0.493,0.502,0.514,0.494,0.494
HIV-1 interactions with T Cell Signalling Pathway,0.0,synchronous,1.0,1.0,0.221,0.05,1.0,1.0,1.0,1.0,1.0,0.05,1.0,0.193,1.0,1.0,1.0,0.0,0.392,1.0,1.0,1.0,1.0,0.221,1.0,1.0,0.0,1.0,1.0,1.0,1.0,0.608,0.608,1.0,1.0,0.221,1.0,1.0,1.0,1.0,0.0,1.0,0.392,1.0,1.0,0.392,0.0,1.0,1.0,1.0,1.0,1.0,0.392,1.0,1.0,1.0,1.0,0.392,1.0,0.221,1.0,1.0,1.0,1.0,1.0,1.0,1.0,0.392,1.0,1.0,0.608,1.0,1.0,1.0,1.0,1.0,1.0,1.0,1.0,1.0,1.0,1.0,1.0,1.0,0.507,1.0,1.0,1.0,1.0,1.0,0.05,1.0,1.0,0.392,0.221,1.0,0.221,1.0,1.0,0.221,0.221,1.0,1.0,1.0,1.0,1.0,1.0,1.0,0.392,0.221,1.0,1.0,1.0,1.0,1.0,1.0,1.0,1.0,0.221,1.0,1.0,1.0,1.0,1.0,0.0,0.608,0.0,1.0,1.0,1.0,1.0,1.0,1.0,1.0,1.0,0.501,1.0,1.0,1.0,0.507
HIV-1 interactions with T Cell Signalling Pathway,0.0,asynchronous,1.0,1.0,0.341,0.341,1.0,1.0,1.0,1.0,1.0,0.341,1.0,0.18,1.0,1.0,1.0,0.0,0.341,1.0,1.0,1.0,1.0,0.341,1.0,1.0,0.0,1.0,1.0,1.0,1.0,0.659,0.659,1.0,1.0,0.341,1.0,1.0,1.0,1.0,0.0,1.0,0.341,1.0,1.0,0.341,0.0,1.0,1.0,1.0,1.0,1.0,0.341,1.0,1.0,1.0,1.0,0.341,1.0,0.341,1.0,1.0,1.0,1.0,1.0,1.0,1.0,0.341,1.0,1.0,0.659,1.0,1.0,1.0,1.0,1.0,1.0,1.0,1.0,1.0,1.0,1.0,1.0,1.0,0.497,1.0,1.0,1.0,1.0,1.0,0.341,1.0,1.0,0.341,0.341,1.0,0.341,1.0,1.0,0.341,0.341,1.0,1.0,1.0,1.0,1.0,1.0,1.0,0.341,0.341,1.0,1.0,1.0,1.0,1.0,1.0,1.0,1.0,0.341,1.0,1.0,1.0,1.0,1.0,0.0,0.659,0.0,1.0,1.0,1.0,1.0,1.0,1.0,1.0,1.0,0.485,1.0,1.0,1.0,0.497
Human Gonadal Sex Determination,0.0,synchronous,0.506,0.494,0.494,0.494,0.494,0.494,0.506,0.0,1.0,0.0,0.506,0.506,0.494,0.506,0.494,1.0,0.494,0.494,0.494
Human Gonadal Sex Determination,0.0,asynchronous,0.393,0.581,0.581,0.581,0.581,0.581,0.393,0.0,0.974,0.0,0.393,0.393,0.581,0.393,0.581,0.974,0.581,0.581,0.581
IGVH mutations in chronic lymphocytic leukemia,0.0,synchronous,1.0,0.258,0.0,0.139,0.253,0.0,0.508,0.502,0.0,0.504,0.505,0.0,0.0,0.517,0.504,0.0,0.227,0.0,0.0,0.0,0.0,0.0,0.507,0.0,0.486,0.484,1.0,0.504,0.493,0.0,0.504,0.0,0.504,0.124,0.508,0.486,0.495,0.0,0.494,0.0,1.0,0.0,0.0,0.0,0.517,0.0,1.0,0.496,0.0,0.504,1.0,0.504,0.517,0.498,0.0,0.253,0.0,0.496,0.0,0.487,0.0,0.0,0.0,1.0,0.0,0.124,0.483,0.518,0.505,0.139,0.124,0.0,0.515,0.0,0.505,0.0,0.0,0.493,0.0,0.0,0.493,0.0,0.492,0.5,0.0,0.258,0.484,0.0,0.0,0.494,0.0
IGVH mutations in chronic lymphocytic leukemia,0.006,asynchronous,1.0,0.251,0.0,0.12,0.234,0.0,0.501,0.499,0.0,0.497,0.505,0.0,0.0,0.498,0.49,0.0,0.261,0.0,0.0,0.0,0.0,0.0,0.487,0.0,0.509,0.498,1.0,0.49,0.507,0.0,0.501,0.0,0.506,0.12,0.488,0.509,0.492,0.0,0.503,0.0,1.0,0.0,0.0,0.0,0.498,0.0,1.0,0.51,0.0,0.49,1.0,0.49,0.498,0.497,0.0,0.234,0.0,0.51,0.0,0.499,0.0,0.0,0.0,1.0,0.0,0.126,0.49,0.509,0.505,0.12,0.123,0.0,0.493,0.0,0.508,0.0,0.0,0.512,0.0,0.0,0.513,0.0,0.499,0.49,0.0,0.251,0.506,0.0,0.0,0.494,0.0
IL-1 Signaling,0.0,synchronous,1.0,0.0,0.0,0.0,0.0,0.0,0.0,0.0,0.0,0.0,0.0,0.0,0.0,0.0,0.0,0.0,0.0,0.0,1.0,0.0,0.0,1.0,0.0,0.0,0.0,1.0,0.0,0.0,0.0,0.0,0.0,0.0,1.0,1.0,0.0,0.0,0.0,0.0,0.0,0.0,0.0,1.0,0.0,0.0,0.0,0.0,0.0,0.0,0.0,0.0,1.0,0.0,0.0,0.0,0.0,0.0,0.0,0.0,1.0,0.0,0.0,0.0,0.0,0.0,0.0,0.0,0.0,1.0,0.0,0.0,0.0,0.0,0.0,0.0,1.0,0.0,0.0,0.0,1.0,0.0,0.0,0.0,0.0,0.0,0.0,0.0,0.0,0.0,0.0,0.0,0.0,0.0,0.0,0.0,0.0,0.0,0.0,0.0,0.0,0.0,0.0,0.0,0.0,0.0,1.0,0.0,0.0,1.0,1.0,1.0,1.0,0.517,0.0,1.0,0.0,0.0,0.51,0.0
IL-1 Signaling,0.0,asynchronous,1.0,0.0,0.0,0.0,0.0,0.0,0.0,0.0,0.0,0.0,0.0,0.0,0.0,0.0,0.0,0.0,0.0,0.0,1.0,0.0,0.0,1.0,0.0,0.0,0.0,1.0,0.0,0.0,0.0,0.0,0.0,0.0,1.0,1.0,0.0,0.0,0.0,0.0,0.0,0.0,0.0,1.0,0.0,0.0,0.0,0.0,0.0,0.0,0.0,0.0,1.0,0.0,0.0,0.0,0.0,0.0,0.0,0.0,1.0,0.0,0.0,0.0,0.0,0.0,0.0,0.0,0.0,1.0,0.0,0.0,0.0,0.0,0.0,0.0,1.0,0.0,0.0,0.0,1.0,0.0,0.0,0.0,0.0,0.0,0.0,0.0,0.0,0.0,0.0,0.0,0.0,0.0,0.0,0.0,0.0,0.0,0.0,0.0,0.0,0.0,0.0,0.0,0.0,0.0,1.0,0.0,0.0,1.0,1.0,1.0,1.0,0.5,0.0,1.0,0.0,0.0,0.479,0.0
IL-6 Signalling,0.0,synchronous,0.0,1.0,1.0,1.0,0.0,0.0,0.0,1.0,1.0,0.0,0.0,0.0,0.0,1.0,0.0,0.0,0.0,0.0,0.0,0.0,0.0,0.0,0.0,0.0,0.0,0.0,0.0,0.0,0.0,0.504,0.0,1.0,0.0,0.0,0.0,0.0,0.0,0.0,0.0,0.0,0.0,0.0,0.0,1.0,1.0,1.0,0.0,0.0,0.0,0.0,0.0,0.0,0.0,0.0,0.504,0.0,0.0,1.0,0.0,0.0,1.0,0.0,0.0,1.0,0.0,0.0,0.0,0.0,0.0,1.0,0.0,1.0,0.0,0.0,1.0,0.0,0.0,0.0,0.504,1.0,0.0,0.0,0.0,0.0,0.0,0.0
IL-6 Signalling,0.0,asynchronous,0.0,1.0,1.0,1.0,0.0,0.0,0.0,1.0,1.0,0.0,0.0,0.0,0.0,1.0,0.0,0.0,0.0,0.0,0.0,0.0,0.0,0.0,0.0,0.0,0.0,0.0,0.0,0.0,0.0,0.504,0.0,1.0,0.0,0.0,0.0,0.0,0.0,0.0,0.0,0.0,0.0,0.0,0.0,1.0,1.0,1.0,0.0,0.0,0.0,0.0,0.0,0.0,0.0,0.0,0.504,0.0,0.0,1.0,0.0,0.0,1.0,0.0,0.0,1.0,0.0,0.0,0.0,0.0,0.0,1.0,0.0,1.0,0.0,0.0,1.0,0.0,0.0,0.0,0.504,1.0,0.0,0.0,0.0,0.0,0.0,0.0
Influenza A Virus Replication Cycle,0.0,synchronous,0.002,0.0,0.002,0.006,0.004,0.002,0.006,0.002,0.002,0.002,0.006,0.006,0.002,0.002,0.002,0.006,0.006,0.006,0.006,0.006,0.006,0.002,0.006,0.002,0.014,0.006,0.006,0.0,0.002,0.0,0.002,0.001,0.002,0.001,0.006,0.006,0.003,0.006,0.002,0.002,0.006,0.024,0.002,0.024,0.002,0.002,0.006,0.002,0.002,0.497,0.002,0.002,0.004,0.006,0.002,0.002,0.25,0.055,0.006,0.006,0.006,0.002,0.001,0.006,0.006,0.002,0.002,0.006,0.002,0.006,0.002,0.0,0.002,0.006,0.024,0.25,0.0,0.006,0.006,0.006,0.002,0.006,0.0,0.006,0.002,0.25,0.002,0.006,0.0,0.002,0.006,0.002,0.002,0.024,0.002,0.006,0.006,0.006,0.002,0.006,0.006,0.002,0.006,0.006,0.006,0.006,0.024,0.006,0.006,0.002,0.006,0.006,0.006,0.0,0.002,0.002,0.006,0.006,0.002,0.0,0.518,0.495,0.501,0.501,0.504,0.515,0.492,0.504,0.485,0.516,0.497
Influenza A Virus Replication Cycle,0.001,asynchronous,0.006,0.002,0.007,0.016,0.01,0.006,0.017,0.006,0.007,0.007,0.016,0.017,0.007,0.007,0.007,0.017,0.016,0.017,0.017,0.016,0.017,0.007,0.017,0.007,0.022,0.016,0.016,0.002,0.007,0.002,0.007,0.003,0.006,0.003,0.012,0.016,0.012,0.016,0.006,0.006,0.016,0.038,0.005,0.038,0.005,0.007,0.016,0.007,0.007,0.493,0.007,0.007,0.006,0.017,0.007,0.007,0.247,0.072,0.016,0.017,0.017,0.007,0.003,0.016,0.016,0.007,0.007,0.017,0.007,0.016,0.007,0.001,0.007,0.016,0.038,0.247,0.0,0.016,0.017,0.017,0.007,0.017,0.001,0.017,0.005,0.247,0.007,0.017,0.001,0.006,0.017,0.006,0.005,0.038,0.007,0.017,0.017,0.017,0.007,0.017,0.017,0.006,0.016,0.016,0.016,0.017,0.038,0.017,0.017,0.007,0.017,0.017,0.017,0.002,0.007,0.005,0.017,0.016,0.007,0.002,0.484,0.506,0.514,0.5,0.5,0.487,0.51,0.49,0.492,0.5,0.493
Iron acquisition and oxidative stress response in aspergillus fumigatus,0.006,synchronous,0.659,0.661,0.66,0.269,0.693,0.526,0.307,0.419,0.307,0.661,0.526,0.526,0.474,0.693,0.418,0.474,0.527,0.527,0.417,0.693,0.514,0.501
Iron acquisition and oxidative stress response in aspergillus fumigatus,0.025,asynchronous,0.657,0.659,0.658,0.457,0.707,0.361,0.292,0.364,0.295,0.657,0.369,0.355,0.631,0.71,0.205,0.631,0.365,0.359,0.46,0.709,0.492,0.508
Lac Operon,0.0,synchronous,0.241,0.243,0.243,0.757,0.243,0.243,0.241,0.484,0.243,0.757,0.516,0.488,0.493
Lac Operon,0.002,asynchronous,0.269,0.321,0.321,0.678,0.322,0.322,0.269,0.526,0.322,0.678,0.474,0.523,0.485
Lymphoid and myeloid cell specification and transdifferentiation,0.0,synchronous,0.002,0.001,0.002,0.002,0.001,0.001,0.001,0.001,0.001,0.002,0.001,0.002,0.002,0.002,0.002,0.817,0.001,0.001,0.002,0.002,0.002,0.0,0.002,0.002,0.0,0.0,0.001,0.0,0.001,0.818,0.002,0.504,0.488
Lymphoid and myeloid cell specification and transdifferentiation,0.0,asynchronous,0.137,0.042,0.137,0.137,0.047,0.047,0.009,0.095,0.042,0.104,0.095,0.137,0.137,0.137,0.137,0.689,0.074,0.095,0.137,0.137,0.137,0.0,0.137,0.137,0.002,0.008,0.095,0.0,0.095,0.752,0.137,0.511,0.476
Lymphopoiesis Regulatory Network,0.0,synchronous,0.139,0.787,0.498,0.003,0.596,0.0,0.494,0.739,0.002,0.596,0.367,0.155,0.506,0.498,0.138,0.0,0.001,0.999,0.002,0.002,0.494,0.001,0.001,0.999,0.0,0.5,0.002,0.003,0.0,0.498,0.002,0.001,0.25,0.0,0.0,0.521,0.502,0.33,0.521,0.827,0.0,0.002,0.596,0.155,0.596,0.596,0.003,0.155,0.521,0.494,0.502,0.0,0.0,0.596,0.812,0.001,0.0,0.521,0.596,0.869,0.002,0.001,0.0,0.512,0.502,0.002,0.0,0.498,0.521,0.494,0.512,0.503,0.495,0.504,0.495,0.502,0.498,0.5,0.498,0.482,0.506
Lymphopoiesis Regulatory Network,0.0,asynchronous,0.148,0.775,0.523,0.054,0.615,0.0,0.461,0.736,0.013,0.615,0.303,0.131,0.498,0.489,0.142,0.0,0.013,0.987,0.014,0.014,0.511,0.012,0.012,0.987,0.0,0.493,0.014,0.054,0.0,0.523,0.014,0.006,0.258,0.0,0.0,0.503,0.492,0.351,0.503,0.847,0.0,0.014,0.615,0.131,0.615,0.615,0.054,0.131,0.503,0.48,0.489,0.0,0.0,0.615,0.817,0.012,0.0,0.503,0.615,0.876,0.013,0.013,0.0,0.489,0.489,0.013,0.0,0.523,0.503,0.511,0.489,0.499,0.482,0.495,0.486,0.492,0.5,0.493,0.489,0.493,0.498
MAPK Cancer Cell Fate Network,0.002,synchronous,0.172,0.123,0.781,0.501,0.851,0.238,0.147,0.112,0.505,0.501,0.851,0.718,0.087,0.995,0.851,0.76,0.087,0.76,0.851,0.76,0.76,0.051,0.76,0.995,0.087,0.087,0.172,0.622,0.851,0.995,0.781,0.087,0.851,0.781,0.76,0.091,0.052,0.587,0.718,0.781,0.781,0.781,0.048,0.76,0.76,0.781,0.505,0.651,0.501,0.501,0.505,0.501,0.506
MAPK Cancer Cell Fate Network,0.011,asynchronous,0.16,0.092,0.829,0.511,0.864,0.196,0.127,0.087,0.494,0.511,0.86,0.738,0.047,0.985,0.867,0.786,0.047,0.796,0.875,0.78,0.797,0.055,0.787,0.985,0.046,0.047,0.158,0.67,0.861,0.985,0.823,0.048,0.864,0.843,0.785,0.075,0.036,0.632,0.736,0.827,0.828,0.827,0.038,0.798,0.797,0.828,0.494,0.652,0.511,0.511,0.494,0.495,0.503
Mammalian Cell Cycle,0.0,synchronous,1.0,0.499,1.0,0.501,1.0,1.0,1.0,1.0,0.499,0.499,0.0,1.0,0.499,1.0,0.0,0.499,1.0,0.499,1.0,0.499
Mammalian Cell Cycle,0.0,asynchronous,0.926,0.474,0.926,0.452,0.926,0.926,0.926,0.926,0.474,0.474,0.0,0.926,0.474,0.926,0.0,0.474,0.926,0.474,0.926,0.474
Mammalian Cell Cycle 2006,0.019,synchronous,0.492,0.143,0.29,0.286,0.492,0.508,0.222,0.784,0.143,0.221
Mammalian Cell Cycle 2006,0.031,asynchronous,0.465,0.174,0.283,0.341,0.465,0.507,0.196,0.77,0.17,0.199
Metabolic Interactions in the Gut Microbiome,0.0,synchronous,0.496,0.502,1.0,0.13,0.45,0.45,0.45,0.508,0.49,1.0,0.45,0.502
Metabolic Interactions in the Gut Microbiome,0.0,asynchronous,0.498,0.5,1.0,0.219,0.438,0.438,0.438,0.492,0.499,1.0,0.438,0.5
Neurotransmitter Signaling Pathway,0.0,synchronous,0.253,0.0,0.253,0.253,0.0,1.0,0.506,0.0,0.253,0.0,0.0,0.253,0.0,0.253,0.253,0.496
Neurotransmitter Signaling Pathway,0.016,asynchronous,0.262,0.009,0.266,0.253,0.01,0.96,0.503,0.069,0.254,0.009,0.041,0.254,0.073,0.252,0.249,0.504
Oxidative Stress Pathway,0.008,synchronous,0.17,0.113,0.284,0.661,0.227,0.339,0.34,0.171,0.339,0.717,0.717,0.661,0.886,0.34,0.34,0.284,0.17,0.284,0.51
Oxidative Stress Pathway,0.012,asynchronous,0.325,0.076,0.31,0.612,0.366,0.39,0.386,0.128,0.385,0.696,0.694,0.614,0.97,0.39,0.39,0.387,0.076,0.306,0.512
PC12 Cell Differentiation,0.0,synchronous,1.0,1.0,1.0,0.498,1.0,1.0,1.0,1.0,1.0,1.0,1.0,1.0,1.0,0.498,1.0,1.0,1.0,1.0,1.0,1.0,1.0,1.0,1.0,0.498,0.498,1.0,1.0,1.0,1.0,1.0,1.0,1.0,1.0,1.0,1.0,1.0,1.0,1.0,0.498,1.0,1.0,1.0,1.0,1.0,1.0,1.0,1.0,1.0,1.0,1.0,1.0,1.0,1.0,1.0,1.0,1.0,1.0,1.0,1.0,1.0,0.498,0.498
PC12 Cell Differentiation,0.0,asynchronous,0.997,0.997,0.997,0.48,0.997,0.997,0.997,0.997,0.997,0.997,0.997,0.997,0.997,0.48,0.997,0.997,0.997,0.997,0.997,0.997,0.997,0.997,0.997,0.48,0.48,0.997,0.997,0.997,0.997,0.997,0.997,0.997,0.997,0.997,0.997,0.997,0.997,0.997,0.48,0.997,0.997,0.997,0.997,0.997,0.997,0.997,0.997,0.997,0.997,0.997,0.997,0.997,0.997,0.997,0.997,0.997,0.997,0.997,0.997,0.997,0.48,0.48
Pro-inflammatory Tumor Microenvironment in Acute Lymphoblastic Leukemia,0.0,synchronous,0.57,1.0,0.507,0.182,0.0,0.752,0.492,0.0,0.0,0.324,0.509,0.248,0.036,0.43,0.57,0.078,0.492,0.218,0.0,0.57,0.492,0.182,0.078,0.0,0.57,0.752
Pro-inflammatory Tumor Microenvironment in Acute Lymphoblastic Leukemia,0.014,asynchronous,0.5,1.0,0.508,0.252,0.0,0.752,0.5,0.0,0.0,0.254,0.506,0.248,0.0,0.5,0.5,0.0,0.5,0.252,0.0,0.5,0.5,0.252,0.0,0.0,0.5,0.752
Processing of Spz Network from the Drosophila Signaling Pathway,0.0,synchronous,0.872,0.872,0.494,0.743,0.494,0.896,0.491,0.872,0.513,0.896,0.494,0.872,0.494,0.373,0.494,0.245,0.872,0.513,0.513,0.494,0.5,0.496,0.491,0.494
Processing of Spz Network from the Drosophila Signaling Pathway,0.0,asynchronous,0.869,0.869,0.488,0.759,0.488,0.898,0.5,0.869,0.517,0.898,0.506,0.869,0.506,0.378,0.506,0.252,0.869,0.517,0.517,0.506,0.502,0.496,0.5,0.488
Regulation of the L-arabinose operon of Escherichia coli,0.0,synchronous,0.225,0.499,0.156,0.531,0.156,0.281,0.156,0.156,0.124,0.501,0.499,0.506,0.517
Regulation of the L-arabinose operon of Escherichia coli,0.0,asynchronous,0.199,0.492,0.161,0.536,0.161,0.293,0.161,0.161,0.131,0.508,0.506,0.492,0.488
SKBR3 Breast Cell Line Long-term ErbB Network,0.0,synchronous,0.972,0.115,0.0,0.999,0.0,0.996,0.97,0.111,0.64,0.0,0.0,0.0,0.868,0.999,0.195,0.928,0.788,0.0,0.076,0.0,0.0,0.514,0.5,0.506,0.501
SKBR3 Breast Cell Line Long-term ErbB Network,0.0,asynchronous,0.92,0.114,0.0,0.996,0.0,0.971,0.849,0.117,0.742,0.0,0.004,0.0,0.798,0.992,0.186,0.9,0.691,0.002,0.096,0.0,0.0,0.502,0.503,0.508,0.504
SKBR3 Breast Cell Line Short-term ErbB Network,0.0,synchronous,0.201,0.986,0.945,0.943,0.998,0.26,0.949,0.974,0.063,0.987,0.987,0.482,0.498,0.467,0.491,0.516
SKBR3 Breast Cell Line Short-term ErbB Network,0.0,asynchronous,0.183,0.974,0.828,0.822,0.997,0.245,0.82,0.91,0.058,0.962,0.962,0.498,0.502,0.481,0.502,0.517
Senescence Associated Secretory Phenotype,0.0,synchronous,0.0,0.909,0.998,0.998,0.802,0.767,0.679,0.507,0.1,0.507,0.507,0.998,0.507,0.507,0.998,0.679,0.679,0.679,0.507,0.493,0.507,0.998,0.802,0.998,0.233,0.802,0.0,0.197,0.802,0.239,0.679,0.197,0.998,0.679,0.679,0.998,0.0,0.802,0.0,0.0,0.233,0.746,0.802,0.233,0.507,0.507,0.802,0.507,0.802,0.488,0.507
Senescence Associated Secretory Phenotype,0.008,asynchronous,0.0,0.939,0.944,0.944,0.892,0.826,0.808,0.48,0.055,0.48,0.48,0.944,0.48,0.48,0.944,0.808,0.808,0.808,0.48,0.514,0.48,0.944,0.891,0.944,0.174,0.894,0.0,0.079,0.892,0.256,0.808,0.08,0.944,0.808,0.808,0.944,0.0,0.893,0.0,0.0,0.174,0.736,0.893,0.174,0.48,0.48,0.893,0.48,0.891,0.497,0.48
Septation Initiation Network,0.0,synchronous,0.0,0.439,0.378,0.859,0.439,0.518,0.859,0.959,0.859,0.482,0.562,1.0,0.141,0.482,1.0,1.0,0.923,0.141,0.0,0.439,0.859,0.923,0.959,0.0,0.495,0.859,0.0,1.0,0.482,0.0
Septation Initiation Network,0.0,asynchronous,0.0,0.398,0.356,0.855,0.398,0.501,0.855,0.855,0.855,0.499,0.602,1.0,0.145,0.499,1.0,1.0,0.855,0.145,0.0,0.398,0.855,0.855,0.855,0.0,0.492,0.855,0.0,1.0,0.499,0.0
Signal Transduction in Fibroblasts,0.0,synchronous,0.183,0.006,0.582,0.513,0.642,0.513,0.566,0.556,0.26,0.815,0.996,0.431,0.748,0.108,0.012,0.426,0.648,0.32,0.571,0.138,0.797,0.996,0.5,0.246,0.095,0.648,0.513,0.256,0.209,0.291,0.495,0.083,0.337,0.748,0.506,0.54,0.586,0.095,0.996,0.486,0.748,0.181,0.411,0.291,1.0,0.817,0.531,0.562,0.025,0.593,0.162,0.612,0.395,0.43,0.209,0.508,0.052,0.7,0.092,0.499,0.083,0.183,0.451,0.291,0.743,0.027,0.494,0.426,0.181,0.068,0.366,0.752,0.564,0.134,0.185,0.748,0.606,0.582,0.441,0.536,0.028,0.095,0.183,0.333,0.003,0.068,0.266,0.502,0.219,0.376,0.289,0.095,0.016,0.238,0.329,0.492,0.654,0.654,0.209,0.028,0.168,0.415,0.654,0.329,0.15,0.144,0.513,0.155,0.892,0.131,0.996,0.415,0.361,0.745,0.642,0.246,0.38,0.059,0.43,0.711,0.477,0.271,0.127,0.996,0.494,0.246,0.528,0.025,0.002,0.028,0.516,0.498,0.513,0.495,0.49,0.5,0.497,0.502,0.487
Signal Transduction in Fibroblasts,0.018,asynchronous,0.136,0.025,0.559,0.494,0.577,0.494,0.615,0.496,0.296,0.804,0.898,0.397,0.741,0.078,0.022,0.4,0.635,0.281,0.525,0.036,0.81,0.898,0.495,0.238,0.062,0.636,0.494,0.22,0.143,0.31,0.504,0.052,0.361,0.741,0.501,0.568,0.461,0.031,0.898,0.472,0.741,0.08,0.422,0.162,0.983,0.835,0.551,0.564,0.061,0.596,0.123,0.569,0.375,0.442,0.143,0.448,0.032,0.574,0.067,0.429,0.042,0.138,0.497,0.309,0.725,0.029,0.499,0.399,0.08,0.122,0.38,0.77,0.519,0.101,0.107,0.741,0.534,0.53,0.365,0.349,0.071,0.061,0.151,0.379,0.083,0.045,0.252,0.427,0.236,0.371,0.353,0.062,0.04,0.332,0.308,0.453,0.62,0.622,0.144,0.029,0.127,0.379,0.621,0.185,0.119,0.114,0.494,0.092,0.887,0.179,0.898,0.382,0.375,0.724,0.603,0.241,0.383,0.035,0.28,0.619,0.449,0.258,0.119,0.898,0.519,0.276,0.542,0.06,0.019,0.03,0.498,0.494,0.494,0.504,0.494,0.497,0.493,0.5,0.51
Signaling in Macrophage Activation,0.0,synchronous,0.444,1.0,0.508,0.486,1.0,1.0,0.872,0.723,0.472,1.0,0.484,1.0,0.508,0.806,0.462,0.472,0.496,0.938,0.75,0.875,1.0,0.499,0.462,1.0,1.0,0.482,1.0,0.615,0.502,0.497,0.875,0.684,0.462,0.496,1.0,0.712,0.472,0.496,1.0,0.96,1.0,1.0,0.482,0.872,0.75,0.484,1.0,0.462,0.748,0.502,0.508,0.872,0.482,0.482,0.812,0.472,1.0,0.472,1.0,0.508,0.482,0.482,0.484,0.875,1.0,0.504,0.484,1.0,0.502,0.615,0.509,1.0,0.5,0.507,0.502,0.504,0.508,1.0,1.0,0.37,1.0,0.508,1.0,0.484,0.502,0.482,0.486,0.508,1.0,1.0,1.0,0.482,0.502,0.508,0.754,0.493,1.0,0.615,0.615,0.482,1.0,0.684,0.37,0.496,1.0,0.971,0.875,1.0,1.0,1.0,1.0,1.0,1.0,0.502,0.484,0.504,1.0,0.482,0.482,0.508,1.0,0.482,1.0,1.0,0.496,0.472,1.0,0.472,1.0,0.757,1.0,0.684,0.482,0.472,1.0,0.748,0.484,0.248,0.872,0.482,0.615,0.508,1.0,0.502,0.737,0.502,1.0,0.872,0.508,0.615,0.489,1.0,1.0,1.0,0.502,0.499,0.754,0.508,1.0,0.746,0.5,0.496,0.508,0.462,0.496,1.0,0.508,0.509,0.496,0.938,0.615,0.748,0.496,1.0,0.508,0.494,0.504,1.0,0.496,1.0,0.496,0.872,0.754,0.754,1.0,1.0,0.496,0.516,0.748,0.615,0.754,1.0,0.499,0.444,0.484,0.486,0.748,0.507,0.496,1.0,0.748,0.496,0.504,1.0,1.0,1.0,1.0,0.754,0.508,0.615,0.496,1.0,0.496,0.484,0.872,0.748,0.615,0.484,0.723,0.482,0.482,1.0,1.0,0.472,1.0,0.486,0.842,0.484,1.0,0.496,0.484,0.484,0.472,0.472,1.0,1.0,0.493,0.484,0.875,1.0,1.0,0.938,1.0,1.0,0.615,0.754,0.484,0.754,0.472,0.748,0.615,1.0,0.712,1.0,0.746,1.0,1.0,0.37,1.0,0.754,1.0,0.615,0.875,1.0,1.0,1.0,0.0,0.504,0.754,0.472,0.472,0.493,0.462,0.133,0.508,0.5,0.482,0.842,0.462,0.482,0.493,0.903,0.482,0.502,1.0,1.0,1.0,0.502,0.496,1.0,0.493,0.723,0.615,0.507,0.508,0.508,1.0,0.508,0.508,1.0,0.615,0.504,0.507,0.497,0.499,0.504,0.493,0.494,0.509,0.496,0.496,0.482,0.486,0.508,0.489,0.5,0.502,0.484,0.504,0.502
Signaling in Macrophage Activation,0.01,asynchronous,0.444,1.0,0.507,0.485,1.0,1.0,0.886,0.736,0.496,1.0,0.5,1.0,0.507,0.806,0.486,0.496,0.486,0.95,0.755,0.864,1.0,0.5,0.486,1.0,1.0,0.492,1.0,0.618,0.537,0.516,0.864,0.72,0.486,0.486,1.0,0.722,0.496,0.486,1.0,0.968,1.0,1.0,0.492,0.886,0.755,0.5,1.0,0.486,0.748,0.537,0.507,0.886,0.492,0.492,0.82,0.496,1.0,0.496,1.0,0.507,0.492,0.492,0.5,0.864,1.0,0.497,0.5,1.0,0.537,0.618,0.518,1.0,0.527,0.509,0.537,0.497,0.507,1.0,1.0,0.374,1.0,0.507,1.0,0.5,0.505,0.492,0.485,0.507,1.0,1.0,1.0,0.492,0.537,0.507,0.776,0.5,1.0,0.619,0.619,0.492,1.0,0.72,0.374,0.486,1.0,0.972,0.864,1.0,1.0,1.0,1.0,1.0,1.0,0.537,0.5,0.488,1.0,0.492,0.492,0.507,1.0,0.492,1.0,1.0,0.495,0.496,1.0,0.496,1.0,0.736,1.0,0.72,0.492,0.496,1.0,0.748,0.5,0.252,0.886,0.492,0.62,0.507,1.0,0.537,0.733,0.537,1.0,0.886,0.507,0.619,0.503,1.0,1.0,1.0,0.537,0.5,0.776,0.507,1.0,0.758,0.527,0.495,0.507,0.486,0.486,1.0,0.507,0.518,0.495,0.94,0.618,0.748,0.486,1.0,0.507,0.489,0.488,1.0,0.495,1.0,0.495,0.886,0.776,0.776,1.0,1.0,0.486,0.5,0.748,0.618,0.776,1.0,0.5,0.444,0.5,0.485,0.748,0.509,0.495,1.0,0.748,0.495,0.497,1.0,1.0,1.0,1.0,0.776,0.507,0.62,0.495,1.0,0.495,0.5,0.886,0.748,0.621,0.5,0.736,0.492,0.492,1.0,1.0,0.496,1.0,0.485,0.837,0.5,1.0,0.495,0.5,0.5,0.496,0.496,1.0,1.0,0.5,0.5,0.864,1.0,1.0,0.94,1.0,1.0,0.619,0.776,0.5,0.776,0.496,0.748,0.62,1.0,0.722,1.0,0.741,1.0,1.0,0.374,1.0,0.776,1.0,0.618,0.864,1.0,1.0,1.0,0.0,0.497,0.776,0.496,0.496,0.5,0.486,0.125,0.507,0.527,0.492,0.837,0.486,0.492,0.5,0.922,0.492,0.537,1.0,1.0,1.0,0.537,0.486,1.0,0.5,0.736,0.62,0.509,0.507,0.507,1.0,0.507,0.507,1.0,0.62,0.497,0.509,0.516,0.5,0.488,0.5,0.489,0.518,0.486,0.495,0.492,0.485,0.507,0.503,0.527,0.537,0.5,0.497,0.505
Stomatal Opening Model,0.0,synchronous,0.228,0.0,0.675,0.65,0.252,0.754,0.388,0.189,0.388,0.754,0.064,0.756,0.189,0.65,0.0,0.257,0.228,0.262,0.158,0.566,0.193,0.757,0.2,0.506,0.556,0.262,0.757,0.374,0.228,0.099,0.612,0.329,0.506,0.228,0.754,0.551,0.388,0.228,0.872,0.556,0.329,0.492,0.508,0.0,0.506,0.496,0.499,0.508,0.513
Stomatal Opening Model,0.008,asynchronous,0.227,0.0,0.669,0.635,0.243,0.739,0.373,0.184,0.373,0.739,0.059,0.748,0.184,0.635,0.0,0.257,0.222,0.238,0.158,0.554,0.191,0.737,0.189,0.486,0.547,0.238,0.737,0.388,0.222,0.092,0.627,0.319,0.486,0.222,0.739,0.528,0.373,0.222,0.878,0.547,0.319,0.501,0.499,0.0,0.486,0.488,0.496,0.499,0.495
T Cell Receptor Signaling,0.001,synchronous,0.0,0.0,1.0,0.506,0.0,0.153,1.0,0.5,0.18,0.447,0.0,0.055,0.153,1.0,0.0,0.18,0.0,0.055,1.0,0.657,0.506,0.0,0.153,0.0,0.18,0.153,1.0,0.0,0.506,0.0,0.055,0.494,0.447,0.506,0.0,0.347,1.0,0.153,0.0,0.506,0.153,0.0,0.347,1.0,0.494,0.208,0.506,0.0,0.198,0.0,0.0,0.0,0.0,0.506,0.198,1.0,0.0,0.0,0.0,0.506,0.506,0.0,0.0,0.347,0.153,0.515,0.0,0.0,0.494,1.0,0.494,0.263,1.0,0.506,0.582,0.0,0.0,0.055,0.153,0.0,0.0,0.0,0.506,0.0,0.658,1.0,0.494,0.506,0.0,0.0,0.494,0.0,0.608,0.0,0.511,1.0,0.506,0.5
T Cell Receptor Signaling,0.011,asynchronous,0.0,0.0,1.0,0.532,0.0,0.171,1.0,0.5,0.204,0.463,0.0,0.111,0.175,1.0,0.0,0.203,0.0,0.112,1.0,0.637,0.494,0.0,0.17,0.0,0.206,0.169,1.0,0.0,0.494,0.009,0.112,0.506,0.467,0.494,0.0,0.331,1.0,0.171,0.0,0.494,0.171,0.0,0.331,1.0,0.506,0.217,0.494,0.0,0.172,0.0,0.0,0.0,0.0,0.532,0.175,1.0,0.0,0.0,0.0,0.494,0.494,0.0,0.0,0.331,0.167,0.509,0.0,0.0,0.506,1.0,0.506,0.3,1.0,0.494,0.592,0.029,0.0,0.112,0.168,0.0,0.0,0.0,0.494,0.0,0.637,1.0,0.506,0.494,0.094,0.0,0.506,0.0,0.625,0.095,0.503,1.0,0.494,0.5
T cell differentiation,0.0,synchronous,0.515,0.433,0.515,0.355,0.509,0.433,0.641,0.641,0.326,0.355,0.355,0.515,0.17,0.17,0.355,0.17,0.825,0.0,0.641,0.515,0.515,0.516,0.509
T cell differentiation,0.0,asynchronous,0.487,0.372,0.494,0.463,0.497,0.372,0.533,0.533,0.259,0.463,0.463,0.494,0.234,0.234,0.463,0.234,0.762,0.0,0.533,0.494,0.487,0.494,0.497
T-Cell Signaling 2006,0.0,synchronous,0.083,0.29,0.044,0.0,0.044,0.044,0.487,0.0,0.0,0.0,0.044,0.0,0.0,0.044,0.044,0.0,0.0,0.0,0.083,0.0,1.0,0.044,0.0,0.044,0.0,0.044,0.044,0.29,0.0,0.0,0.044,0.044,0.0,0.29,0.044,0.044,0.044,0.507,0.504,0.5
T-Cell Signaling 2006,0.005,asynchronous,0.067,0.289,0.023,0.005,0.026,0.023,0.483,0.004,0.003,0.004,0.023,0.003,0.004,0.024,0.023,0.004,0.004,0.004,0.068,0.005,0.997,0.027,0.004,0.023,0.004,0.027,0.026,0.29,0.003,0.004,0.022,0.025,0.005,0.289,0.027,0.024,0.025,0.483,0.488,0.49
T-LGL Survival Network 2008,0.0,synchronous,0.001,0.0,0.001,0.001,0.0,0.001,0.001,0.001,0.0,0.001,0.0,0.0,0.001,0.001,0.0,0.001,0.001,0.001,0.0,0.001,0.001,0.001,0.001,0.0,0.001,0.001,0.001,0.0,0.001,0.0,0.0,0.001,0.001,0.001,0.0,0.001,0.0,0.001,0.0,0.001,0.0,0.0,0.0,0.001,0.001,0.001,0.001,0.999,0.001,0.001,0.001,0.001,0.0,0.0,0.514,0.493,0.0,0.0,0.505,0.489
T-LGL Survival Network 2008,0.003,asynchronous,0.034,0.002,0.034,0.034,0.009,0.029,0.034,0.029,0.0,0.034,0.0,0.009,0.034,0.034,0.0,0.034,0.034,0.034,0.0,0.034,0.034,0.034,0.034,0.0,0.034,0.034,0.034,0.0,0.034,0.0,0.0,0.034,0.034,0.034,0.0,0.034,0.0,0.034,0.018,0.029,0.0,0.002,0.0,0.034,0.034,0.034,0.029,0.964,0.034,0.034,0.029,0.034,0.0,0.0,0.504,0.496,0.0,0.0,0.482,0.5
T-LGL Survival Network 2011,0.0,synchronous,0.001,0.0,0.001,0.001,0.001,0.0,0.001,0.0,0.001,0.001,0.0,0.001,0.0,0.0,0.001,0.0,0.0,0.001,0.0,0.001,0.001,0.001,0.001,0.0,0.001,0.001,0.001,0.001,0.001,0.001,0.001,0.001,0.001,0.0,0.001,0.001,0.0,0.0,0.0,0.0,0.001,0.001,0.001,0.0,0.001,0.999,0.001,0.001,0.001,0.0,0.001,0.001,0.001,0.001,0.502,0.0,0.0,0.516,0.515,0.498
T-LGL Survival Network 2011,0.001,asynchronous,0.018,0.0,0.018,0.018,0.018,0.0,0.018,0.0,0.018,0.018,0.0,0.018,0.0,0.0,0.018,0.0,0.0,0.018,0.0,0.018,0.018,0.018,0.018,0.0,0.018,0.018,0.018,0.018,0.018,0.018,0.004,0.018,0.018,0.0,0.018,0.018,0.0,0.008,0.0,0.0,0.018,0.018,0.018,0.0,0.018,0.981,0.018,0.018,0.004,0.0,0.018,0.018,0.018,0.018,0.493,0.0,0.0,0.512,0.484,0.509
T-LGL Survival Network 2011 Reduced Network,0.0,synchronous,0.0,0.023,0.023,0.022,0.023,0.0,0.012,0.0,0.023,0.023,0.0,0.012,0.0,0.023,0.023,0.0,0.0,0.977
T-LGL Survival Network 2011 Reduced Network,0.004,asynchronous,0.0,0.108,0.108,0.08,0.108,0.0,0.055,0.0,0.108,0.108,0.0,0.054,0.0,0.108,0.108,0.0,0.0,0.892
TOL Regulatory Network,0.0,synchronous,0.481,0.5,0.04,0.248,0.032,0.506,0.246,0.502,0.248,0.506,0.317,0.186,0.217,0.502,0.481,0.491,0.492,0.508,0.5,0.509,0.502,0.498,0.506,0.503
TOL Regulatory Network,0.0,asynchronous,0.507,0.495,0.044,0.254,0.031,0.497,0.266,0.505,0.254,0.497,0.31,0.18,0.213,0.505,0.507,0.522,0.506,0.495,0.495,0.512,0.505,0.513,0.497,0.489
Toll Pathway of Drosophila Signaling Pathway,0.0,synchronous,0.481,0.481,0.481,0.481,0.759,0.481,0.241,0.241,0.241,0.519,0.505
Toll Pathway of Drosophila Signaling Pathway,0.006,asynchronous,0.491,0.491,0.491,0.491,0.755,0.491,0.248,0.245,0.245,0.509,0.485
Treatment of Castration-Resistant Prostate Cancer,0.0,synchronous,0.778,0.249,0.378,0.383,0.154,0.435,0.489,0.418,0.435,0.622,0.656,0.711,0.875,0.246,0.754,0.378,0.383,0.49,0.505,0.778,0.838,0.418,0.383,0.846,0.489,0.74,0.711,0.754,0.498,0.49,0.507,0.505,0.504,0.505,0.5,0.504,0.489,0.498,0.508,0.497,0.489,0.502
Treatment of Castration-Resistant Prostate Cancer,0.0,asynchronous,0.782,0.238,0.386,0.394,0.157,0.431,0.515,0.42,0.431,0.614,0.682,0.717,0.87,0.255,0.745,0.386,0.394,0.49,0.496,0.782,0.845,0.42,0.394,0.843,0.499,0.753,0.717,0.745,0.5,0.49,0.492,0.496,0.499,0.506,0.504,0.506,0.515,0.503,0.488,0.504,0.499,0.495
Trichostrongylus retortaeformis,0.0,synchronous,0.815,0.825,0.032,0.04,0.04,0.04,0.0,0.0,0.098,0.988,0.032,0.815,0.032,0.834,0.568,0.834,0.988,0.04,0.0,0.815,0.815,0.0,0.568,0.495,0.04,0.495
Trichostrongylus retortaeformis,0.008,asynchronous,0.723,0.824,0.067,0.077,0.077,0.078,0.0,0.0,0.126,0.948,0.067,0.723,0.066,0.849,0.643,0.849,0.948,0.076,0.0,0.723,0.723,0.0,0.643,0.5,0.077,0.5
Tumour Cell Invasion and Migration,0.0,synchronous,0.567,0.567,0.47,0.275,0.424,0.347,0.615,0.272,0.45,0.015,0.567,0.802,0.095,0.272,0.845,0.45,0.615,0.564,0.18,0.718,0.662,0.155,0.14,0.093,0.618,0.0,0.105,0.564,0.103,0.048,0.47,0.504
Tumour Cell Invasion and Migration,0.001,asynchronous,0.566,0.566,0.507,0.224,0.368,0.368,0.566,0.368,0.368,0.075,0.566,0.566,0.299,0.368,0.566,0.368,0.566,0.566,0.075,0.566,0.864,0.434,0.299,0.224,0.566,0.0,0.299,0.566,0.0,0.0,0.507,0.482
VEGF Pathway of Drosophila Signaling Pathway,0.0,synchronous,0.029,0.029,0.058,0.432,0.882,0.029,0.882,0.058,0.882,0.971,0.489,0.508,0.512,0.516,0.499,0.508,0.497,0.505
VEGF Pathway of Drosophila Signaling Pathway,0.0,asynchronous,0.031,0.031,0.058,0.437,0.868,0.031,0.868,0.058,0.868,0.969,0.507,0.526,0.494,0.494,0.514,0.5,0.496,0.494
Wg Pathway of Drosophila Signalling Pathways,0.0,synchronous,0.104,0.754,0.244,0.5,0.246,0.104,0.003,0.208,0.754,0.246,0.754,0.244,0.491,0.508,0.492,0.5,0.511,0.502,0.504,0.49,0.5,0.515,0.501,0.506,0.496,0.49
Wg Pathway of Drosophila Signalling Pathways,0.006,asynchronous,0.101,0.746,0.254,0.485,0.254,0.1,0.004,0.202,0.746,0.248,0.746,0.254,0.489,0.495,0.492,0.517,0.499,0.507,0.503,0.505,0.485,0.49,0.499,0.498,0.498,0.51
Yeast Apoptosis,0.0,synchronous,0.497,0.754,0.503,0.511,1.0,0.503,1.0,1.0,0.511,1.0,0.508,1.0,0.511,0.511,1.0,1.0,1.0,1.0,1.0,0.754,1.0,1.0,0.761,1.0,1.0,1.0,0.492,0.522,0.754,0.508,1.0,0.0,1.0,0.511,0.505,0.869,1.0,0.527,0.869,0.497,1.0,0.869,1.0,0.497,0.508,1.0,1.0,0.497,1.0,0.511,0.761,0.761,0.76,1.0,1.0,0.0,0.522,1.0,1.0,1.0,0.498,0.502,0.496,0.527,0.522,0.508,0.503,0.497,0.488,0.504,0.505,0.511
Yeast Apoptosis,0.012,asynchronous,0.5,0.762,0.496,0.495,1.0,0.496,1.0,1.0,0.495,1.0,0.478,1.0,0.495,0.495,1.0,1.0,1.0,1.0,1.0,0.762,1.0,1.0,0.749,1.0,1.0,1.0,0.522,0.5,0.762,0.478,1.0,0.0,1.0,0.495,0.489,0.874,1.0,0.492,0.874,0.504,1.0,0.874,1.0,0.5,0.478,1.0,1.0,0.5,1.0,0.495,0.747,0.749,0.746,1.0,1.0,0.0,0.5,1.0,1.0,1.0,0.502,0.505,0.514,0.492,0.5,0.478,0.496,0.5,0.502,0.483,0.489,0.495
