Apoptosis Network,0.001,synchronous,0.258,0.13,0.422,0.51,0.51,0.51,0.204,0.013,0.51,0.204,0.133,0.279,0.607,0.124,0.204,0.258,0.621,0.45,0.13,0.497,0.279,0.258,0.51,0.51,0.51,0.242,0.379,0.51,0.51,0.45,0.497,0.497,0.621,0.51,0.132,0.174,0.443,0.258,0.157,0.51,0.497
Apoptosis Network,0.018,asynchronous,0.524,0.28,0.253,0.508,0.508,0.508,0.184,0.071,0.508,0.187,0.156,0.254,0.679,0.242,0.188,0.524,0.589,0.497,0.281,0.498,0.254,0.524,0.508,0.508,0.508,0.283,0.413,0.508,0.508,0.496,0.498,0.498,0.593,0.508,0.164,0.261,0.453,0.524,0.189,0.508,0.498
Arabidopsis thaliana Cell Cycle,0.012,synchronous,0.268,0.181,0.448,0.541,0.544,0.459,0.364,0.539,0.727,0.276,0.541,0.448,0.36,0.633
Arabidopsis thaliana Cell Cycle,0.013,asynchronous,0.279,0.263,0.425,0.609,0.468,0.55,0.542,0.456,0.669,0.261,0.443,0.39,0.362,0.578
Aurora Kinase A in Neuroblastoma,0.001,synchronous,0.198,0.232,0.531,0.275,0.779,0.546,0.768,0.78,0.768,0.768,0.527,0.276,0.201,0.768,0.276,0.22,0.376,0.802,0.526,0.491,0.516,0.489,0.5
Aurora Kinase A in Neuroblastoma,0.012,asynchronous,0.432,0.432,0.45,0.24,0.568,0.448,0.568,0.568,0.568,0.568,0.447,0.122,0.432,0.568,0.241,0.432,0.437,0.568,0.45,0.496,0.506,0.492,0.489
B bronchiseptica and T retortaeformis coinfection,0.0,synchronous,0.0,0.0,0.015,0.021,0.0,0.0,0.029,0.015,0.029,0.021,0.0,0.0,0.0,0.0,0.021,0.0,0.493,0.021,0.493,0.029,0.021,0.999,0.711,0.711,0.029,0.0,0.0,0.133,0.749,0.711,0.0,0.998,0.0,0.711,0.0,0.0,0.021,0.021,0.0,0.0,0.999,0.029,0.0,0.749,0.021,0.0,0.029,0.998,0.484,0.026,0.749,0.0,0.493
B bronchiseptica and T retortaeformis coinfection,0.0,asynchronous,0.0,0.0,0.118,0.118,0.0,0.0,0.139,0.118,0.14,0.118,0.0,0.0,0.0,0.0,0.118,0.0,0.464,0.118,0.464,0.14,0.118,0.948,0.61,0.61,0.14,0.0,0.0,0.184,0.765,0.61,0.0,0.966,0.0,0.61,0.0,0.0,0.118,0.118,0.0,0.0,0.948,0.14,0.0,0.795,0.118,0.0,0.139,0.929,0.415,0.118,0.795,0.0,0.464
B cell differentiation,0.0,synchronous,0.506,0.498,0.501,0.491,0.495,0.093,0.498,0.501,0.095,0.034,0.491,0.905,0.495,0.506,0.063,0.956,0.903,0.501,0.498,0.495,0.491,0.506
B cell differentiation,0.0,asynchronous,0.5,0.508,0.503,0.487,0.506,0.192,0.508,0.503,0.192,0.062,0.487,0.808,0.506,0.5,0.144,0.933,0.808,0.503,0.508,0.506,0.487,0.5
BT474 Breast Cell Line Long-term ErbB Network,0.0,synchronous,1.0,0.942,0.0,0.236,0.0,0.42,0.603,0.512,0.0,0.578,0.895,0.102,0.0,0.506,1.0,0.108,0.188,0.0,0.11,0.855,0.0,0.5,0.502,0.502,0.497
BT474 Breast Cell Line Long-term ErbB Network,0.0,asynchronous,0.997,0.882,0.0,0.229,0.0,0.405,0.661,0.49,0.0,0.634,0.85,0.092,0.0,0.511,1.0,0.142,0.185,0.0,0.14,0.77,0.0,0.498,0.507,0.506,0.499
BT474 Breast Cell Line Short-term ErbB Network,0.0,synchronous,0.99,0.955,1.0,0.998,0.994,0.975,0.998,0.195,0.25,0.123,0.98,0.49,0.492,0.502,0.5,0.503
BT474 Breast Cell Line Short-term ErbB Network,0.0,asynchronous,0.954,0.829,0.999,0.996,0.981,0.944,0.996,0.186,0.252,0.115,0.906,0.504,0.485,0.492,0.508,0.508
Bordetella bronchiseptica,0.0,synchronous,0.015,0.03,0.015,0.982,0.015,0.0,0.0,0.0,0.015,0.0,0.03,0.0,0.03,0.015,0.0,0.015,0.03,0.0,0.0,0.03,0.0,0.03,0.015,0.015,0.015,0.0,0.966,0.015,0.0,0.0,0.0,0.0,0.0
Bordetella bronchiseptica,0.005,asynchronous,0.002,0.0,0.003,0.906,0.002,0.0,0.0,0.001,0.003,0.0,0.0,0.0,0.0,0.0,0.001,0.0,0.001,0.0,0.002,0.0,0.001,0.001,0.0,0.001,0.002,0.0,0.82,0.0,0.0,0.0,0.001,0.0,0.002
Bortezomib Responses in U266 Human Myeloma Cells,0.0,synchronous,0.999,0.486,0.001,0.999,0.504,0.999,0.001,0.626,0.0,0.0,0.513,0.999,0.0,0.514,0.999,0.999,0.294,0.487,0.999,0.514,0.0,0.999,0.514,0.999,0.999,0.706,0.514,0.513,0.999,0.999,0.001,0.514,0.514,0.514,0.999,0.496,0.38,0.999,0.999,0.514,0.001,1.0,0.514,0.38,0.514,0.001,0.706,0.514,0.514,0.999,0.999,0.706,0.514,0.0,0.486,0.999,0.999,0.001,0.504,0.514,0.999,0.001,0.504,0.524,0.513,0.481,0.513
Bortezomib Responses in U266 Human Myeloma Cells,0.0,asynchronous,0.972,0.504,0.026,0.972,0.493,0.972,0.026,0.628,0.018,0.018,0.502,0.972,0.018,0.494,0.972,0.972,0.28,0.498,0.972,0.494,0.018,0.982,0.494,0.972,0.972,0.717,0.494,0.502,0.972,0.982,0.028,0.494,0.494,0.494,0.972,0.507,0.39,0.972,0.972,0.494,0.028,0.982,0.494,0.39,0.494,0.014,0.717,0.494,0.494,0.972,0.972,0.717,0.494,0.018,0.504,0.972,0.972,0.026,0.493,0.494,0.972,0.014,0.493,0.516,0.502,0.512,0.48
Budding Yeast Cell Cycle,0.002,synchronous,0.178,0.568,0.73,0.26,0.493,0.035,0.006,0.26,0.178,0.178,0.118,0.385,0.035,0.023,0.023,0.585,0.504,0.507,0.506,0.501
Budding Yeast Cell Cycle,0.005,asynchronous,0.204,0.589,0.704,0.213,0.508,0.032,0.003,0.213,0.204,0.205,0.194,0.354,0.032,0.02,0.022,0.604,0.497,0.492,0.508,0.485
Budding Yeast Cell Cycle 2009,0.038,synchronous,0.357,0.358,0.731,0.361,0.092,0.732,0.641,0.272,0.64,0.731,0.551,0.358,0.552,0.552,0.368,0.269,0.358,0.365
Budding Yeast Cell Cycle 2009,0.032,asynchronous,0.35,0.353,0.816,0.35,0.128,0.726,0.639,0.299,0.654,0.782,0.501,0.292,0.696,0.498,0.347,0.234,0.346,0.306
CD4 T cell signaling,0.0,synchronous,0.496,0.521,0.25,0.872,0.613,0.504,0.164,0.208,0.131,0.125,0.562,0.521,0.875,0.437,0.521,0.989,0.496,0.748,0.22,0.897,0.897,0.938,0.496,0.748,0.844,0.496,0.875,0.875,0.648,0.718,0.748,0.875,0.029,0.522,0.202,0.748,0.491,0.936,0.504,0.748,0.733,0.394,0.753,0.262,0.971,0.897,0.22,0.971,0.875,0.745,0.427,0.159,0.935,0.496,0.496,0.496,0.921,0.253,0.032,0.692,0.989,0.508,0.521,0.262,0.491,0.496,0.487,0.496,0.51,0.202,0.875,0.872,0.51,0.949,0.795,0.126,0.51,0.535,0.692,0.795,0.09,0.227,0.748,0.496,0.968,0.949,0.748,0.496,0.748,0.872,0.25,0.935,0.216,0.061,0.954,0.935,0.227,0.996,0.168,0.496,0.993,0.936,0.521,0.499,0.872,0.157,0.236,0.157,0.936,0.28,0.733,0.17,0.51,0.971,0.875,0.738,0.872,0.496,0.496,0.504,0.155,0.168,0.75,0.09,0.936,0.692,0.25,0.971,0.733,0.25,0.872,0.894,0.449,0.25,0.091,0.25,0.28,0.875,0.25,0.936,0.064,0.936,0.09,0.427,0.51,0.496,0.748,0.637,0.875,0.562,0.51,0.496,0.487,0.872,0.492,0.48,0.499,0.508,0.499,0.501,0.512,0.498,0.509,0.487,0.499,0.51,0.491,0.501,0.508,0.496,0.521,0.496,0.502,0.519,0.504,0.486,0.507,0.504,0.492,0.526,0.505,0.512,0.506,0.5,0.495,0.493,0.498,0.491
CD4 T cell signaling,0.0,asynchronous,0.494,0.506,0.245,0.869,0.58,0.496,0.157,0.16,0.139,0.128,0.531,0.506,0.868,0.436,0.506,0.986,0.494,0.738,0.349,0.89,0.89,0.939,0.494,0.738,0.835,0.494,0.867,0.867,0.573,0.596,0.738,0.867,0.034,0.541,0.148,0.738,0.49,0.934,0.496,0.738,0.742,0.316,0.763,0.249,0.966,0.89,0.349,0.966,0.867,0.748,0.431,0.349,0.925,0.494,0.494,0.494,0.908,0.234,0.039,0.596,0.986,0.506,0.506,0.249,0.501,0.494,0.484,0.494,0.502,0.148,0.871,0.869,0.502,0.936,0.788,0.114,0.502,0.505,0.596,0.788,0.078,0.197,0.738,0.494,0.961,0.936,0.738,0.494,0.738,0.869,0.245,0.925,0.198,0.06,0.811,0.925,0.197,0.996,0.155,0.494,0.993,0.934,0.506,0.502,0.869,0.208,0.248,0.208,0.934,0.297,0.742,0.206,0.502,0.966,0.871,0.751,0.869,0.494,0.494,0.496,0.116,0.156,0.745,0.078,0.934,0.596,0.245,0.966,0.742,0.245,0.869,0.89,0.405,0.245,0.079,0.245,0.297,0.871,0.245,0.934,0.066,0.934,0.078,0.431,0.502,0.494,0.738,0.648,0.867,0.531,0.502,0.494,0.484,0.869,0.512,0.502,0.507,0.5,0.478,0.496,0.501,0.497,0.506,0.484,0.502,0.502,0.49,0.498,0.506,0.503,0.506,0.494,0.501,0.498,0.496,0.482,0.49,0.514,0.496,0.503,0.502,0.487,0.481,0.495,0.484,0.504,0.483,0.501
CD4+ T Cell Differentiation and Plasticity,0.0,synchronous,0.028,0.03,0.447,0.037,0.08,0.093,0.282,0.656,0.107,0.034,0.063,0.658,0.491,0.486,0.508,0.49,0.504,0.502
CD4+ T Cell Differentiation and Plasticity,0.0,asynchronous,0.039,0.057,0.443,0.052,0.076,0.091,0.334,0.74,0.082,0.037,0.187,0.696,0.509,0.489,0.5,0.51,0.504,0.507
CD4+ T cell Differentiation,0.0,synchronous,0.217,0.258,0.01,0.785,0.227,0.012,0.469,0.028,0.228,0.526,0.078,0.228,0.663,0.053,0.147,0.222,0.971,0.472,0.012,0.471,0.284,0.971,0.535,0.719,0.02,0.078,0.1,0.012,0.469,0.502,0.5,0.479,0.522,0.49,0.496,0.509,0.499,0.498
CD4+ T cell Differentiation,0.003,asynchronous,0.255,0.276,0.023,0.714,0.263,0.016,0.468,0.011,0.246,0.529,0.074,0.246,0.612,0.134,0.169,0.243,0.91,0.393,0.016,0.497,0.314,0.91,0.544,0.661,0.014,0.074,0.135,0.016,0.468,0.51,0.508,0.511,0.518,0.512,0.5,0.506,0.508,0.506
Cardiac developmen,0.0,synchronous,0.492,0.248,0.991,0.492,0.492,0.244,0.991,0.248,0.492,0.492,0.248,0.492,0.492,0.499,0.492
Cardiac developmen,0.0,asynchronous,0.495,0.256,0.88,0.495,0.495,0.238,0.88,0.244,0.495,0.483,0.256,0.495,0.495,0.385,0.483
Cell Cycle Transcription by Coupled CDK and Network Oscillators,0.004,synchronous,0.044,0.089,0.044,0.044,0.089,0.044,0.044,0.044,0.044
Cell Cycle Transcription by Coupled CDK and Network Oscillators,0.003,asynchronous,0.0,0.001,0.0,0.0,0.0,0.0,0.0,0.0,0.0
Cholesterol Regulatory Pathway,0.001,synchronous,0.48,0.223,0.213,0.5,0.48,0.015,0.015,0.48,0.223,0.015,0.48,0.48,0.015,0.48,0.213,0.015,0.48,0.213,0.48,0.48,0.48,0.985,0.48,0.48,0.48,0.48,0.504,0.213,0.48,0.48,0.235,0.015,0.48,0.48
Cholesterol Regulatory Pathway,0.005,asynchronous,0.502,0.265,0.264,0.522,0.501,0.001,0.001,0.502,0.268,0.001,0.502,0.501,0.001,0.501,0.266,0.001,0.501,0.267,0.502,0.502,0.502,0.999,0.502,0.502,0.502,0.502,0.496,0.268,0.503,0.502,0.27,0.001,0.502,0.502
Colitis-associated colon cancer,0.001,synchronous,0.031,0.042,0.262,0.262,0.929,0.0,0.962,0.466,0.467,0.545,0.0,0.262,0.929,0.067,0.704,0.262,0.034,0.201,0.929,0.041,0.962,0.262,0.134,0.034,0.037,0.0,0.262,0.963,0.962,0.0,0.262,0.667,0.929,0.467,0.306,0.929,0.929,0.262,0.956,0.929,0.262,0.962,0.795,0.031,0.071,0.929,0.042,0.0,0.929,0.041,0.795,0.262,0.262,0.042,0.962,0.962,0.0,0.929,0.262,0.131,0.475,0.037,0.929,0.071,0.929,0.041,0.306,0.034,0.928,0.487
Colitis-associated colon cancer,0.014,asynchronous,0.131,0.204,0.429,0.429,0.678,0.0,0.828,0.335,0.338,0.731,0.0,0.429,0.678,0.302,0.505,0.429,0.156,0.513,0.678,0.207,0.832,0.429,0.213,0.156,0.256,0.0,0.429,0.842,0.835,0.0,0.429,0.249,0.678,0.337,0.646,0.678,0.678,0.429,0.809,0.678,0.429,0.828,0.466,0.128,0.322,0.678,0.205,0.0,0.678,0.209,0.461,0.429,0.429,0.207,0.828,0.825,0.0,0.678,0.429,0.217,0.429,0.256,0.678,0.322,0.678,0.206,0.646,0.156,0.678,0.488
Cortical Area Developmen,0.0,synchronous,0.869,0.131,0.131,0.869,0.131
Cortical Area Developmen,0.014,asynchronous,0.719,0.275,0.275,0.725,0.275
Death Receptor Signaling,0.001,synchronous,0.488,0.036,0.259,0.036,0.161,0.062,0.256,0.255,0.741,0.741,0.672,0.741,0.256,0.161,0.328,0.514,0.036,0.031,0.672,0.485,0.161,0.036,0.036,0.672,0.036,0.505,0.514,0.509
Death Receptor Signaling,0.0,asynchronous,0.392,0.093,0.228,0.093,0.198,0.189,0.275,0.23,0.712,0.712,0.513,0.712,0.275,0.198,0.487,0.49,0.093,0.093,0.513,0.392,0.198,0.093,0.093,0.513,0.093,0.489,0.49,0.487
Differentiation of T lymphocytes,0.0,synchronous,0.385,0.784,0.003,0.566,0.01,0.8,0.003,0.003,0.566,0.506,0.499,0.214,0.214,0.491,0.236,0.028,0.488,0.49,0.214,0.508,0.001,0.818,0.566,0.566,0.566,0.491,0.5,0.001,0.01,0.114,0.503,0.115,0.003,0.001,0.493,0.999,0.028,0.999,0.001,0.01,0.028,0.493,0.503,0.49,0.5,0.508,0.497,0.506,0.49,0.503
Differentiation of T lymphocytes,0.0,asynchronous,0.215,0.857,0.031,0.596,0.036,0.772,0.031,0.031,0.596,0.493,0.487,0.136,0.136,0.479,0.243,0.157,0.424,0.503,0.136,0.509,0.009,0.797,0.596,0.596,0.596,0.479,0.501,0.009,0.036,0.128,0.497,0.137,0.031,0.009,0.501,0.991,0.157,0.991,0.009,0.036,0.157,0.501,0.504,0.503,0.501,0.509,0.498,0.493,0.501,0.497
EGFR & ErbB Signaling,0.0,synchronous,0.507,0.04,0.221,0.104,0.457,0.04,0.221,0.241,0.879,0.221,0.938,0.879,0.119,0.037,0.116,0.879,0.954,0.441,0.963,0.879,0.221,0.22,0.879,0.486,0.879,0.116,0.994,0.022,0.026,0.5,0.401,0.221,0.221,0.221,0.444,0.198,0.373,0.033,0.221,0.499,0.04,0.221,0.505,0.491,0.879,0.221,0.96,0.209,0.127,0.179,0.994,0.221,0.016,0.373,0.98,0.04,0.221,0.879,0.963,0.029,0.373,0.963,0.135,0.121,0.248,0.221,0.221,0.221,0.274,0.196,0.396,0.221,0.162,0.396,0.444,0.006,0.51,0.495,0.505,0.515,0.491,0.506,0.49,0.489,0.501,0.507,0.499,0.489,0.484,0.499,0.506,0.494,0.504,0.501,0.495,0.498,0.5,0.502,0.497,0.505,0.497,0.48,0.482,0.49
EGFR & ErbB Signaling,0.007,asynchronous,0.486,0.033,0.245,0.092,0.457,0.033,0.245,0.247,0.911,0.246,0.957,0.911,0.122,0.033,0.117,0.91,0.971,0.467,0.967,0.91,0.245,0.244,0.91,0.481,0.91,0.114,0.988,0.016,0.015,0.5,0.38,0.245,0.244,0.244,0.443,0.189,0.393,0.035,0.25,0.497,0.033,0.246,0.501,0.486,0.91,0.245,0.967,0.194,0.135,0.188,0.989,0.245,0.008,0.391,0.98,0.033,0.245,0.909,0.967,0.023,0.39,0.967,0.135,0.112,0.264,0.25,0.246,0.25,0.296,0.186,0.38,0.248,0.182,0.38,0.443,0.003,0.515,0.481,0.501,0.509,0.486,0.507,0.478,0.48,0.514,0.486,0.483,0.505,0.489,0.51,0.491,0.497,0.502,0.502,0.522,0.498,0.485,0.49,0.492,0.499,0.49,0.5,0.496,0.505
FA BRCA pathway,0.0,synchronous,0.0,0.0,0.0,0.0,0.0,0.5,0.0,0.0,0.0,0.0,0.0,0.0,0.0,0.0,0.0,0.0,0.0,0.0,0.0,0.0,0.0,0.0,0.0,0.0,0.0,0.0,0.0,0.0
FA BRCA pathway,0.025,asynchronous,0.015,0.014,0.022,0.037,0.0,0.487,0.0,0.025,0.013,0.017,0.008,0.006,0.0,0.0,0.0,0.0,0.0,0.009,0.036,0.006,0.0,0.036,0.0,0.025,0.036,0.0,0.0,0.036
FGF pathway of Drosophila Signalling Pathways,0.0,synchronous,0.508,0.433,0.048,0.752,0.026,0.974,0.882,0.433,0.026,0.048,0.433,0.433,0.026,0.433,0.504,0.508,0.484,0.502,0.513,0.506,0.497,0.508,0.509
FGF pathway of Drosophila Signalling Pathways,0.0,asynchronous,0.502,0.44,0.049,0.755,0.022,0.978,0.882,0.44,0.022,0.049,0.44,0.44,0.022,0.44,0.518,0.499,0.495,0.495,0.518,0.49,0.497,0.502,0.484
Fanconi anemia and checkpoint recovery,0.0,synchronous,0.0,0.0,0.0,0.0,0.0,0.0,0.0,0.5,0.0,0.0,0.0,0.0,0.0,0.0,0.0
Fanconi anemia and checkpoint recovery,0.019,asynchronous,0.002,0.013,0.002,0.004,0.001,0.004,0.014,0.499,0.004,0.003,0.004,0.009,0.004,0.005,0.0
Glucose Repression Signaling 2009,0.0,synchronous,0.584,0.224,0.489,0.5,0.751,0.246,0.278,0.335,0.224,0.224,0.521,0.584,0.224,0.416,0.252,0.152,0.224,0.224,0.614,0.116,0.485,0.614,0.606,0.5,0.224,0.461,0.224,0.614,0.472,0.614,0.691,0.614,0.495,0.224,0.224,0.224,0.614,0.259,0.614,0.224,0.472,0.584,0.152,0.151,0.584,0.335,0.606,0.45,0.386,0.246,0.472,0.472,0.224,0.584,0.34,0.489,0.503,0.508,0.504,0.504,0.497,0.514,0.496,0.494,0.498,0.485,0.494,0.521,0.508,0.5,0.5,0.509,0.495
Glucose Repression Signaling 2009,0.0,asynchronous,0.592,0.224,0.492,0.506,0.746,0.255,0.272,0.339,0.224,0.224,0.509,0.592,0.224,0.408,0.228,0.162,0.224,0.224,0.611,0.125,0.509,0.611,0.592,0.51,0.224,0.472,0.224,0.611,0.484,0.611,0.69,0.611,0.504,0.224,0.224,0.224,0.611,0.252,0.611,0.224,0.484,0.592,0.162,0.156,0.592,0.339,0.592,0.462,0.389,0.242,0.484,0.484,0.224,0.592,0.326,0.492,0.494,0.506,0.51,0.515,0.504,0.512,0.488,0.504,0.513,0.509,0.484,0.509,0.49,0.506,0.49,0.514,0.504
Guard Cell Abscisic Acid Signaling,0.001,synchronous,0.185,0.33,0.316,0.603,0.203,0.316,0.504,0.316,0.33,0.486,0.486,0.406,0.486,0.203,0.187,0.486,0.316,0.203,0.486,0.806,0.514,0.203,0.486,0.185,0.613,0.127,0.387,0.514,0.203,0.486,0.807,0.387,0.203,0.516,0.33,0.203,0.33,0.486,0.441,0.316,0.516,0.486,0.5,0.499
Guard Cell Abscisic Acid Signaling,0.008,asynchronous,0.212,0.086,0.335,0.813,0.003,0.335,0.304,0.335,0.089,0.507,0.507,0.004,0.507,0.003,0.295,0.507,0.335,0.002,0.507,0.812,0.493,0.003,0.507,0.212,0.592,0.122,0.402,0.493,0.003,0.507,0.81,0.406,0.002,0.509,0.092,0.003,0.09,0.507,0.246,0.335,0.509,0.507,0.512,0.504
HCC1954 Breast Cell Line Long-term ErbB Network,0.0,synchronous,0.0,0.24,0.998,0.904,0.955,0.748,0.001,0.009,0.222,0.497,0.982,0.541,0.991,0.479,0.24,0.0,0.004,0.982,0.951,0.085,0.098,0.5,0.503,0.505,0.506
HCC1954 Breast Cell Line Long-term ErbB Network,0.0,asynchronous,0.0,0.245,0.994,0.867,0.905,0.742,0.0,0.015,0.202,0.494,0.975,0.673,0.984,0.491,0.246,0.0,0.01,0.975,0.905,0.093,0.142,0.506,0.505,0.492,0.489
HCC1954 Breast Cell Line Short-term ErbB Network,0.0,synchronous,0.948,0.122,0.948,0.245,0.245,0.989,0.999,0.999,0.999,0.988,0.974,0.495,0.487,0.506,0.521,0.494
HCC1954 Breast Cell Line Short-term ErbB Network,0.0,asynchronous,0.829,0.126,0.829,0.249,0.249,0.959,0.999,0.999,0.999,0.976,0.941,0.497,0.506,0.499,0.486,0.496
HGF Signaling in Keratinocytes,0.0,synchronous,0.256,0.261,0.254,0.261,0.256,0.256,0.261,0.747,0.254,0.254,0.259,0.254,0.747,0.491,0.256,0.259,0.261,0.616,0.254,0.127,0.376,0.747,0.254,0.127,0.005,0.256,0.254,0.747,0.256,0.256,0.127,0.256,0.261,0.256,0.261,0.256,0.747,0.127,0.259,0.256,0.254,0.254,0.254,0.254,0.005,0.254,0.747,0.747,0.254,0.254,0.747,0.259,0.259,0.127,0.501,0.12,0.747,0.254,0.747,0.256,0.747,0.747,0.501,0.513,0.498,0.477,0.491,0.494
HGF Signaling in Keratinocytes,0.001,asynchronous,0.262,0.262,0.262,0.262,0.262,0.262,0.262,0.761,0.261,0.261,0.262,0.262,0.761,0.502,0.262,0.262,0.262,0.637,0.262,0.143,0.388,0.761,0.262,0.143,0.0,0.262,0.261,0.761,0.261,0.262,0.143,0.261,0.262,0.262,0.262,0.262,0.761,0.143,0.262,0.262,0.261,0.262,0.262,0.261,0.0,0.261,0.761,0.761,0.261,0.261,0.761,0.262,0.262,0.143,0.514,0.125,0.761,0.262,0.761,0.262,0.761,0.761,0.504,0.512,0.493,0.504,0.502,0.501
HH Pathway of Drosophila Signaling Pathways,0.0,synchronous,0.655,0.994,0.504,0.24,0.76,0.655,0.76,0.006,0.053,0.24,0.504,0.517,0.498,0.494,0.5,0.49,0.47,0.504,0.526,0.5,0.502,0.496,0.505,0.489
HH Pathway of Drosophila Signaling Pathways,0.0,asynchronous,0.671,0.994,0.499,0.238,0.762,0.671,0.762,0.006,0.044,0.238,0.499,0.501,0.49,0.491,0.496,0.494,0.509,0.499,0.512,0.502,0.488,0.496,0.508,0.492
HIV-1 interactions with T Cell Signalling Pathway,0.0,synchronous,0.999,1.0,0.617,0.519,1.0,1.0,1.0,1.0,0.51,0.519,0.999,0.216,0.999,0.999,1.0,0.0,0.424,1.0,1.0,1.0,0.999,0.239,1.0,0.999,0.0,0.999,0.999,1.0,1.0,0.576,0.576,1.0,1.0,0.239,0.999,1.0,1.0,1.0,0.49,1.0,0.354,0.999,1.0,0.714,0.0,1.0,1.0,1.0,1.0,1.0,0.424,1.0,1.0,1.0,1.0,0.714,1.0,0.12,1.0,1.0,1.0,1.0,1.0,0.999,0.496,0.354,0.999,1.0,0.286,1.0,1.0,1.0,1.0,0.495,1.0,1.0,0.999,1.0,1.0,1.0,1.0,1.0,0.501,1.0,1.0,1.0,1.0,1.0,0.519,1.0,1.0,0.424,0.239,1.0,0.239,0.741,1.0,0.239,0.239,1.0,0.999,1.0,0.999,1.0,1.0,0.999,0.354,0.239,1.0,1.0,1.0,0.999,1.0,1.0,1.0,1.0,0.239,1.0,1.0,0.999,1.0,1.0,0.0,0.286,0.494,0.496,0.506,0.495,0.483,0.51,0.51,0.507,0.51,0.49,0.502,0.501,0.491,0.501
HIV-1 interactions with T Cell Signalling Pathway,0.0,asynchronous,0.981,1.0,0.663,0.663,1.0,1.0,1.0,1.0,0.487,0.663,0.981,0.161,0.981,0.981,1.0,0.0,0.318,1.0,1.0,1.0,0.981,0.318,1.0,0.981,0.0,0.981,0.981,1.0,1.0,0.682,0.682,1.0,1.0,0.318,0.981,1.0,1.0,1.0,0.513,1.0,0.326,0.981,1.0,0.663,0.0,1.0,1.0,1.0,1.0,1.0,0.318,0.997,1.0,1.0,1.0,0.663,1.0,0.162,1.0,1.0,1.0,1.0,1.0,0.981,0.501,0.326,0.981,1.0,0.337,1.0,1.0,1.0,0.996,0.496,1.0,1.0,0.981,1.0,1.0,1.0,1.0,1.0,0.495,1.0,0.996,1.0,1.0,1.0,0.663,1.0,1.0,0.318,0.314,1.0,0.318,0.748,1.0,0.318,0.318,1.0,0.981,1.0,0.981,1.0,1.0,0.981,0.326,0.318,1.0,1.0,1.0,0.981,1.0,1.0,1.0,0.997,0.318,1.0,1.0,0.981,1.0,1.0,0.0,0.337,0.52,0.501,0.51,0.496,0.484,0.487,0.484,0.499,0.492,0.494,0.5,0.5,0.496,0.495
Human Gonadal Sex Determination,0.0,synchronous,0.504,0.495,0.495,0.495,0.495,0.495,0.504,0.0,0.999,0.0,0.504,0.504,0.495,0.504,0.495,0.999,0.495,0.495,0.495
Human Gonadal Sex Determination,0.0,asynchronous,0.396,0.579,0.579,0.579,0.579,0.579,0.396,0.0,0.975,0.0,0.396,0.396,0.579,0.396,0.579,0.975,0.579,0.579,0.579
IGVH mutations in chronic lymphocytic leukemia,0.0,synchronous,1.0,0.261,0.0,0.12,0.253,0.0,0.515,0.503,0.0,0.482,0.486,0.0,0.0,0.483,0.51,0.0,0.251,0.0,0.0,0.0,0.0,0.0,0.499,0.0,0.508,0.493,1.0,0.51,0.511,0.0,0.492,0.0,0.502,0.129,0.504,0.508,0.49,0.0,0.499,0.0,1.0,0.0,0.0,0.0,0.483,0.0,1.0,0.507,0.0,0.51,1.0,0.51,0.483,0.514,0.0,0.253,0.0,0.49,0.0,0.486,0.0,0.0,0.0,1.0,0.0,0.129,0.519,0.51,0.486,0.12,0.129,0.0,0.517,0.0,0.51,0.0,0.0,0.488,0.0,0.0,0.501,0.0,0.485,0.488,0.0,0.261,0.502,0.0,0.0,0.497,0.0
IGVH mutations in chronic lymphocytic leukemia,0.004,asynchronous,1.0,0.249,0.0,0.126,0.243,0.0,0.488,0.499,0.0,0.502,0.496,0.0,0.0,0.488,0.492,0.0,0.245,0.0,0.0,0.0,0.0,0.0,0.513,0.0,0.487,0.506,1.0,0.492,0.5,0.0,0.49,0.0,0.507,0.122,0.476,0.487,0.526,0.0,0.505,0.0,1.0,0.0,0.0,0.0,0.488,0.0,1.0,0.493,0.0,0.492,1.0,0.492,0.488,0.516,0.0,0.243,0.0,0.508,0.0,0.499,0.0,0.0,0.0,1.0,0.0,0.125,0.509,0.506,0.496,0.126,0.123,0.0,0.496,0.0,0.474,0.0,0.0,0.502,0.0,0.0,0.487,0.0,0.512,0.488,0.0,0.249,0.512,0.0,0.0,0.493,0.0
IL-1 Signaling,0.0,synchronous,0.519,0.0,0.0,0.0,0.0,0.0,0.0,0.0,0.0,0.0,0.0,0.0,0.505,0.0,0.0,0.0,0.0,0.0,1.0,0.0,0.0,0.495,0.0,0.0,0.494,0.524,0.0,0.0,0.494,0.0,0.0,0.0,1.0,0.269,0.0,0.0,0.494,0.0,0.0,0.494,0.0,1.0,0.0,0.0,0.0,0.0,0.0,0.0,0.0,0.0,1.0,0.256,0.494,0.0,0.0,0.0,0.0,0.0,0.524,0.0,0.0,0.0,0.0,0.0,0.0,0.0,0.0,0.495,0.0,0.0,0.0,0.0,0.0,0.0,1.0,0.0,0.476,0.0,1.0,0.128,0.0,0.0,0.494,0.0,0.0,0.0,0.494,0.0,0.0,0.246,0.0,0.0,0.0,0.0,0.0,0.0,0.0,0.0,0.0,0.0,0.0,0.0,0.0,0.246,0.497,0.502,0.505,0.495,0.524,0.519,0.503,0.493,0.494,0.489,0.497,0.51,0.488,0.499
IL-1 Signaling,0.0,asynchronous,0.519,0.0,0.0,0.0,0.0,0.0,0.0,0.0,0.0,0.0,0.0,0.0,0.502,0.0,0.0,0.0,0.0,0.0,1.0,0.0,0.0,0.498,0.0,0.0,0.487,0.51,0.0,0.0,0.487,0.0,0.0,0.0,1.0,0.25,0.0,0.0,0.487,0.0,0.0,0.487,0.0,1.0,0.0,0.0,0.0,0.0,0.0,0.0,0.0,0.0,1.0,0.263,0.487,0.0,0.0,0.0,0.0,0.0,0.51,0.0,0.0,0.0,0.0,0.0,0.0,0.0,0.0,0.498,0.0,0.0,0.0,0.0,0.0,0.0,1.0,0.0,0.49,0.0,1.0,0.133,0.0,0.0,0.487,0.0,0.0,0.0,0.487,0.0,0.0,0.248,0.0,0.0,0.0,0.0,0.0,0.0,0.0,0.0,0.0,0.0,0.0,0.0,0.0,0.248,0.495,0.51,0.501,0.498,0.51,0.519,0.504,0.522,0.487,0.502,0.5,0.503,0.504,0.498
IL-6 Signalling,0.0,synchronous,0.061,0.434,0.998,0.893,0.073,0.048,0.069,0.896,0.715,0.105,0.002,0.003,0.104,0.503,0.061,0.565,0.002,0.565,0.092,0.048,0.048,0.002,0.061,0.001,0.061,0.002,0.061,0.002,0.09,0.517,0.002,0.546,0.048,0.104,0.036,0.015,0.061,0.09,0.002,0.048,0.036,0.002,0.002,0.998,0.998,0.503,0.061,0.0,0.037,0.09,0.09,0.002,0.261,0.036,0.517,0.048,0.048,0.52,0.0,0.002,0.435,0.036,0.061,0.998,0.061,0.001,0.09,0.002,0.015,0.542,0.0,0.503,0.492,0.489,0.495,0.504,0.504,0.489,0.517,0.506,0.5,0.476,0.527,0.498,0.508,0.513
IL-6 Signalling,0.008,asynchronous,0.05,0.434,0.998,0.924,0.056,0.04,0.054,0.928,0.72,0.073,0.007,0.003,0.071,0.498,0.049,0.56,0.002,0.56,0.061,0.039,0.04,0.002,0.05,0.006,0.049,0.002,0.048,0.002,0.059,0.51,0.003,0.529,0.039,0.076,0.03,0.018,0.049,0.061,0.002,0.04,0.029,0.007,0.002,0.998,0.998,0.498,0.049,0.0,0.026,0.06,0.059,0.002,0.26,0.03,0.51,0.039,0.039,0.512,0.002,0.007,0.439,0.029,0.048,0.998,0.048,0.002,0.06,0.002,0.018,0.527,0.0,0.498,0.495,0.502,0.483,0.494,0.509,0.506,0.51,0.504,0.497,0.509,0.505,0.494,0.508,0.48
Influenza A Virus Replication Cycle,0.0,synchronous,0.002,0.0,0.002,0.01,0.007,0.002,0.01,0.002,0.002,0.002,0.01,0.01,0.002,0.002,0.002,0.01,0.01,0.01,0.01,0.01,0.01,0.002,0.01,0.002,0.016,0.01,0.01,0.0,0.002,0.0,0.002,0.0,0.002,0.0,0.01,0.01,0.006,0.01,0.002,0.002,0.01,0.033,0.002,0.033,0.002,0.002,0.01,0.002,0.002,0.489,0.002,0.002,0.006,0.01,0.002,0.002,0.249,0.063,0.01,0.01,0.01,0.002,0.0,0.01,0.01,0.002,0.002,0.01,0.002,0.01,0.002,0.0,0.002,0.01,0.033,0.249,0.0,0.01,0.01,0.01,0.002,0.01,0.0,0.01,0.002,0.249,0.002,0.01,0.0,0.002,0.01,0.002,0.002,0.033,0.002,0.01,0.01,0.01,0.002,0.01,0.01,0.002,0.01,0.01,0.01,0.01,0.033,0.01,0.01,0.002,0.01,0.01,0.01,0.0,0.002,0.002,0.01,0.01,0.002,0.0,0.513,0.495,0.507,0.5,0.493,0.483,0.511,0.508,0.503,0.508,0.489
Influenza A Virus Replication Cycle,0.001,asynchronous,0.004,0.001,0.004,0.011,0.008,0.004,0.012,0.004,0.004,0.004,0.012,0.012,0.005,0.004,0.005,0.013,0.011,0.013,0.013,0.011,0.013,0.004,0.013,0.005,0.019,0.013,0.011,0.001,0.005,0.001,0.005,0.002,0.004,0.002,0.01,0.013,0.008,0.011,0.005,0.005,0.013,0.034,0.003,0.033,0.004,0.005,0.011,0.004,0.004,0.488,0.005,0.005,0.005,0.012,0.005,0.005,0.243,0.057,0.012,0.013,0.013,0.005,0.002,0.011,0.013,0.004,0.005,0.012,0.004,0.012,0.005,0.001,0.005,0.011,0.033,0.243,0.0,0.012,0.012,0.013,0.004,0.013,0.001,0.012,0.004,0.243,0.004,0.013,0.001,0.005,0.013,0.004,0.003,0.034,0.005,0.013,0.013,0.012,0.004,0.013,0.013,0.003,0.011,0.012,0.012,0.012,0.034,0.013,0.013,0.004,0.013,0.013,0.013,0.001,0.005,0.003,0.013,0.012,0.005,0.001,0.492,0.498,0.515,0.482,0.508,0.508,0.518,0.493,0.505,0.508,0.488
Iron acquisition and oxidative stress response in aspergillus fumigatus,0.006,synchronous,0.649,0.65,0.65,0.264,0.693,0.526,0.307,0.419,0.307,0.65,0.526,0.526,0.474,0.693,0.418,0.474,0.526,0.526,0.417,0.693,0.49,0.503
Iron acquisition and oxidative stress response in aspergillus fumigatus,0.028,asynchronous,0.661,0.664,0.666,0.456,0.705,0.359,0.293,0.368,0.299,0.662,0.369,0.356,0.632,0.706,0.2,0.633,0.359,0.359,0.461,0.705,0.506,0.49
Lac Operon,0.0,synchronous,0.254,0.255,0.255,0.745,0.255,0.255,0.254,0.504,0.255,0.745,0.496,0.504,0.491
Lac Operon,0.002,asynchronous,0.246,0.298,0.298,0.702,0.298,0.298,0.245,0.493,0.298,0.702,0.507,0.503,0.484
Lymphoid and myeloid cell specification and transdifferentiation,0.0,synchronous,0.003,0.002,0.003,0.003,0.001,0.001,0.002,0.001,0.002,0.003,0.001,0.003,0.003,0.003,0.003,0.796,0.001,0.001,0.003,0.003,0.003,0.0,0.003,0.003,0.0,0.0,0.001,0.0,0.001,0.797,0.003,0.5,0.496
Lymphoid and myeloid cell specification and transdifferentiation,0.0,asynchronous,0.151,0.057,0.151,0.151,0.039,0.039,0.013,0.094,0.057,0.107,0.094,0.151,0.151,0.151,0.151,0.703,0.082,0.094,0.151,0.151,0.151,0.0,0.151,0.151,0.003,0.006,0.094,0.0,0.094,0.758,0.151,0.501,0.499
Lymphopoiesis Regulatory Network,0.0,synchronous,0.125,0.797,0.475,0.005,0.593,0.0,0.492,0.738,0.004,0.593,0.364,0.16,0.493,0.503,0.122,0.0,0.0,1.0,0.004,0.004,0.493,0.0,0.0,1.0,0.0,0.504,0.004,0.005,0.0,0.475,0.004,0.003,0.255,0.0,0.0,0.497,0.502,0.34,0.497,0.825,0.0,0.004,0.593,0.16,0.593,0.593,0.005,0.16,0.497,0.493,0.486,0.0,0.0,0.593,0.828,0.0,0.0,0.497,0.593,0.857,0.004,0.0,0.0,0.494,0.486,0.004,0.0,0.475,0.497,0.493,0.494,0.49,0.49,0.488,0.495,0.502,0.506,0.504,0.503,0.49,0.493
Lymphopoiesis Regulatory Network,0.0,asynchronous,0.132,0.773,0.506,0.053,0.618,0.0,0.458,0.752,0.014,0.618,0.306,0.123,0.512,0.506,0.125,0.0,0.019,0.981,0.012,0.012,0.516,0.019,0.019,0.981,0.0,0.498,0.012,0.053,0.0,0.506,0.012,0.007,0.246,0.0,0.0,0.51,0.508,0.354,0.51,0.858,0.0,0.012,0.618,0.123,0.618,0.618,0.053,0.123,0.51,0.476,0.484,0.0,0.0,0.618,0.828,0.019,0.0,0.51,0.618,0.878,0.014,0.019,0.0,0.484,0.484,0.014,0.0,0.506,0.51,0.516,0.484,0.504,0.487,0.49,0.482,0.508,0.501,0.498,0.506,0.506,0.512
MAPK Cancer Cell Fate Network,0.002,synchronous,0.174,0.125,0.757,0.487,0.833,0.262,0.165,0.116,0.481,0.487,0.833,0.705,0.093,0.995,0.833,0.735,0.093,0.736,0.833,0.735,0.736,0.053,0.735,0.995,0.093,0.093,0.174,0.602,0.833,0.995,0.757,0.093,0.833,0.757,0.735,0.097,0.056,0.569,0.705,0.757,0.757,0.757,0.052,0.736,0.736,0.757,0.481,0.639,0.487,0.487,0.481,0.516,0.504
MAPK Cancer Cell Fate Network,0.006,asynchronous,0.165,0.096,0.817,0.49,0.849,0.211,0.14,0.091,0.501,0.49,0.849,0.725,0.05,0.983,0.849,0.774,0.049,0.782,0.862,0.761,0.784,0.06,0.773,0.983,0.049,0.049,0.168,0.657,0.848,0.983,0.808,0.05,0.849,0.833,0.769,0.075,0.036,0.62,0.728,0.817,0.817,0.816,0.037,0.785,0.784,0.815,0.501,0.635,0.49,0.49,0.501,0.5,0.505
Mammalian Cell Cycle,0.0,synchronous,0.999,0.502,0.999,0.497,0.999,0.999,0.999,0.999,0.502,0.502,0.0,0.999,0.502,0.999,0.0,0.502,0.999,0.502,0.999,0.502
Mammalian Cell Cycle,0.0,asynchronous,0.933,0.495,0.933,0.438,0.933,0.933,0.933,0.933,0.495,0.495,0.0,0.933,0.495,0.933,0.0,0.495,0.933,0.495,0.933,0.495
Mammalian Cell Cycle 2006,0.017,synchronous,0.52,0.135,0.274,0.271,0.52,0.48,0.209,0.796,0.135,0.209
Mammalian Cell Cycle 2006,0.034,asynchronous,0.469,0.172,0.284,0.337,0.469,0.5,0.2,0.771,0.166,0.202
Metabolic Interactions in the Gut Microbiome,0.0,synchronous,0.507,0.496,1.0,0.146,0.41,0.41,0.41,0.505,0.524,1.0,0.41,0.496
Metabolic Interactions in the Gut Microbiome,0.0,asynchronous,0.486,0.504,1.0,0.217,0.431,0.431,0.431,0.501,0.504,1.0,0.431,0.504
Neurotransmitter Signaling Pathway,0.0,synchronous,0.254,0.0,0.254,0.254,0.0,1.0,0.508,0.0,0.254,0.0,0.0,0.254,0.0,0.254,0.254,0.48
Neurotransmitter Signaling Pathway,0.013,asynchronous,0.253,0.012,0.252,0.252,0.012,0.952,0.501,0.076,0.247,0.012,0.048,0.247,0.075,0.248,0.249,0.488
Oxidative Stress Pathway,0.008,synchronous,0.162,0.108,0.271,0.676,0.217,0.324,0.325,0.163,0.324,0.729,0.729,0.676,0.891,0.325,0.325,0.271,0.162,0.271,0.487
Oxidative Stress Pathway,0.013,asynchronous,0.325,0.073,0.307,0.616,0.371,0.384,0.383,0.129,0.384,0.695,0.695,0.617,0.973,0.379,0.382,0.382,0.076,0.307,0.51
PC12 Cell Differentiation,0.0,synchronous,1.0,1.0,1.0,0.489,1.0,1.0,1.0,1.0,1.0,1.0,1.0,1.0,1.0,0.489,1.0,1.0,1.0,1.0,1.0,1.0,1.0,1.0,1.0,0.489,0.489,1.0,1.0,1.0,1.0,1.0,1.0,1.0,1.0,1.0,1.0,1.0,1.0,1.0,0.489,1.0,1.0,1.0,1.0,1.0,1.0,1.0,1.0,1.0,1.0,1.0,1.0,1.0,1.0,1.0,1.0,1.0,1.0,1.0,1.0,1.0,0.489,0.489
PC12 Cell Differentiation,0.0,asynchronous,0.998,0.998,0.998,0.493,0.998,0.998,0.998,0.998,0.998,0.998,0.998,0.998,0.998,0.493,0.998,0.998,0.998,0.998,0.998,0.998,0.998,0.998,0.998,0.493,0.493,0.998,0.998,0.998,0.998,0.998,0.998,0.998,0.998,0.998,0.998,0.998,0.998,0.998,0.493,0.998,0.998,0.998,0.998,0.998,0.998,0.998,0.998,0.998,0.998,0.998,0.998,0.998,0.998,0.998,0.998,0.998,0.998,0.998,0.998,0.998,0.493,0.493
Predicting Variabilities in Cardiac Gene,0.0,synchronous,0.996,0.996,0.258,0.244,0.505,0.491,0.491,0.491,0.258,0.491,0.491,0.476,0.491,0.232,0.476
Predicting Variabilities in Cardiac Gene,0.0,asynchronous,0.887,0.887,0.247,0.256,0.386,0.501,0.501,0.501,0.247,0.501,0.501,0.51,0.501,0.254,0.51
Pro-inflammatory Tumor Microenvironment in Acute Lymphoblastic Leukemia,0.0,synchronous,0.563,1.0,0.502,0.183,0.0,0.746,0.488,0.0,0.0,0.319,0.5,0.254,0.038,0.437,0.563,0.075,0.488,0.22,0.0,0.563,0.488,0.183,0.075,0.0,0.563,0.746
Pro-inflammatory Tumor Microenvironment in Acute Lymphoblastic Leukemia,0.003,asynchronous,0.497,1.0,0.489,0.246,0.0,0.743,0.497,0.0,0.0,0.246,0.495,0.257,0.0,0.503,0.497,0.0,0.497,0.246,0.0,0.497,0.497,0.246,0.0,0.0,0.497,0.743
Processing of Spz Network from the Drosophila Signaling Pathway,0.0,synchronous,0.879,0.879,0.486,0.753,0.486,0.912,0.497,0.879,0.501,0.912,0.503,0.879,0.503,0.381,0.503,0.258,0.879,0.501,0.501,0.503,0.499,0.499,0.497,0.486
Processing of Spz Network from the Drosophila Signaling Pathway,0.0,asynchronous,0.875,0.875,0.494,0.755,0.494,0.906,0.503,0.875,0.508,0.906,0.503,0.875,0.503,0.376,0.503,0.242,0.875,0.508,0.508,0.503,0.498,0.5,0.503,0.494
Regulation of the L-arabinose operon of Escherichia coli,0.0,synchronous,0.224,0.496,0.151,0.507,0.151,0.27,0.151,0.151,0.12,0.504,0.476,0.494,0.509
Regulation of the L-arabinose operon of Escherichia coli,0.0,asynchronous,0.218,0.498,0.154,0.536,0.154,0.279,0.154,0.154,0.128,0.502,0.51,0.497,0.493
SKBR3 Breast Cell Line Long-term ErbB Network,0.0,synchronous,0.964,0.112,0.0,1.0,0.0,0.994,0.973,0.121,0.649,0.0,0.0,0.0,0.859,1.0,0.188,0.912,0.776,0.0,0.079,0.0,0.0,0.507,0.492,0.518,0.499
SKBR3 Breast Cell Line Long-term ErbB Network,0.0,asynchronous,0.926,0.112,0.0,0.998,0.0,0.977,0.867,0.119,0.712,0.0,0.002,0.0,0.808,0.994,0.185,0.889,0.674,0.001,0.105,0.0,0.0,0.498,0.524,0.488,0.501
SKBR3 Breast Cell Line Short-term ErbB Network,0.0,synchronous,0.19,0.986,0.946,0.944,0.998,0.248,0.949,0.972,0.068,0.98,0.98,0.508,0.503,0.489,0.503,0.514
SKBR3 Breast Cell Line Short-term ErbB Network,0.0,asynchronous,0.19,0.971,0.818,0.818,0.997,0.25,0.835,0.906,0.066,0.954,0.954,0.507,0.507,0.5,0.487,0.498
Senescence Associated Secretory Phenotype,0.0,synchronous,0.0,0.906,0.992,0.992,0.802,0.766,0.681,0.504,0.098,0.504,0.504,0.992,0.504,0.504,0.992,0.681,0.681,0.681,0.504,0.496,0.504,0.992,0.802,0.992,0.234,0.802,0.0,0.192,0.802,0.242,0.681,0.192,0.992,0.681,0.681,0.992,0.0,0.802,0.0,0.0,0.234,0.746,0.802,0.234,0.504,0.504,0.802,0.504,0.802,0.479,0.504
Senescence Associated Secretory Phenotype,0.012,asynchronous,0.0,0.943,0.938,0.938,0.902,0.848,0.824,0.509,0.049,0.509,0.509,0.938,0.509,0.509,0.938,0.824,0.824,0.824,0.509,0.485,0.509,0.938,0.902,0.938,0.152,0.902,0.0,0.073,0.901,0.248,0.824,0.072,0.938,0.824,0.824,0.938,0.0,0.901,0.0,0.0,0.152,0.756,0.902,0.152,0.509,0.509,0.9,0.509,0.902,0.492,0.509
Septation Initiation Network,0.0,synchronous,0.251,0.437,0.372,0.742,0.437,0.494,0.669,0.91,0.669,0.386,0.563,0.804,0.247,0.506,0.502,0.382,0.761,0.135,0.496,0.437,0.669,0.839,0.91,0.504,0.501,0.499,0.507,0.499,0.502,0.506,0.496
Septation Initiation Network,0.0,asynchronous,0.252,0.42,0.366,0.79,0.42,0.49,0.714,0.817,0.714,0.388,0.58,0.856,0.257,0.51,0.488,0.369,0.714,0.142,0.503,0.42,0.714,0.79,0.817,0.496,0.508,0.5,0.509,0.509,0.488,0.51,0.503
Signal Transduction in Fibroblasts,0.0,synchronous,0.189,0.005,0.58,0.476,0.642,0.476,0.566,0.554,0.247,0.811,0.993,0.417,0.735,0.103,0.014,0.419,0.637,0.315,0.573,0.141,0.796,0.993,0.5,0.246,0.095,0.637,0.476,0.251,0.203,0.277,0.493,0.083,0.339,0.735,0.506,0.546,0.594,0.098,0.993,0.48,0.735,0.184,0.424,0.28,1.0,0.824,0.533,0.584,0.027,0.6,0.164,0.613,0.363,0.436,0.203,0.506,0.056,0.685,0.085,0.497,0.085,0.189,0.453,0.277,0.758,0.027,0.494,0.419,0.184,0.072,0.371,0.747,0.585,0.126,0.19,0.735,0.579,0.58,0.438,0.524,0.029,0.095,0.192,0.338,0.004,0.07,0.267,0.512,0.215,0.378,0.289,0.095,0.016,0.248,0.326,0.477,0.66,0.66,0.203,0.028,0.172,0.405,0.66,0.319,0.152,0.155,0.476,0.152,0.894,0.139,0.993,0.405,0.357,0.72,0.639,0.246,0.375,0.055,0.427,0.713,0.473,0.27,0.123,0.993,0.517,0.245,0.53,0.027,0.002,0.028,0.503,0.521,0.476,0.493,0.508,0.513,0.522,0.502,0.495
Signal Transduction in Fibroblasts,0.019,asynchronous,0.141,0.03,0.584,0.488,0.57,0.488,0.61,0.514,0.284,0.812,0.908,0.383,0.754,0.083,0.024,0.401,0.643,0.273,0.551,0.036,0.827,0.908,0.496,0.245,0.057,0.643,0.488,0.227,0.135,0.295,0.508,0.057,0.382,0.754,0.525,0.574,0.466,0.029,0.908,0.485,0.754,0.081,0.43,0.17,0.98,0.845,0.581,0.56,0.068,0.601,0.121,0.584,0.377,0.45,0.135,0.438,0.038,0.593,0.073,0.441,0.043,0.142,0.528,0.294,0.738,0.028,0.476,0.405,0.081,0.133,0.401,0.776,0.521,0.103,0.115,0.754,0.532,0.55,0.369,0.358,0.08,0.057,0.156,0.387,0.077,0.05,0.268,0.43,0.242,0.35,0.355,0.056,0.045,0.344,0.333,0.458,0.635,0.635,0.136,0.028,0.128,0.382,0.635,0.191,0.121,0.118,0.488,0.088,0.9,0.193,0.908,0.382,0.388,0.732,0.626,0.253,0.397,0.038,0.3,0.628,0.439,0.243,0.112,0.908,0.521,0.256,0.57,0.066,0.021,0.028,0.512,0.497,0.488,0.508,0.502,0.509,0.521,0.524,0.51
Signaling Pathway for Butanol Production in Clostridium beijerinckii NRRL B-598,0.0,synchronous,0.423,0.476,0.798,0.168,0.577,0.476,0.223,0.202,0.501,0.701,0.086,0.38,0.995,0.476,0.283,0.997,0.042,0.999,1.0,0.324,0.768,0.202,0.53,0.824,0.824,0.768,0.476,1.0,0.202,1.0,0.768,0.202,0.202,0.493,0.042,1.0,0.202,0.476,0.989,0.476,0.492,0.476,0.491,0.575,0.989,0.202,0.042,0.238,0.944,0.48,0.494,0.202,0.995,0.492,0.501,0.488,0.492,0.494,0.501,0.502,0.521,0.491,0.498,0.48,0.493,0.503
Signaling Pathway for Butanol Production in Clostridium beijerinckii NRRL B-598,0.009,asynchronous,0.451,0.469,0.878,0.246,0.548,0.471,0.139,0.12,0.51,0.733,0.071,0.444,0.989,0.471,0.259,0.989,0.024,0.995,0.999,0.276,0.747,0.119,0.512,0.748,0.748,0.747,0.47,1.0,0.122,1.0,0.746,0.121,0.124,0.509,0.018,1.0,0.122,0.471,0.986,0.469,0.475,0.47,0.502,0.549,0.986,0.123,0.024,0.241,0.944,0.499,0.493,0.122,0.989,0.503,0.51,0.488,0.5,0.493,0.502,0.499,0.493,0.502,0.503,0.499,0.515,0.505
Signaling in Macrophage Activation,0.0,synchronous,0.224,0.499,0.257,0.255,0.499,0.499,0.439,0.364,0.232,0.499,0.494,0.499,0.257,0.645,0.237,0.232,0.256,0.913,0.364,0.434,0.499,0.259,0.237,0.499,0.499,0.496,0.499,0.557,0.504,0.496,0.434,0.592,0.237,0.256,0.499,0.364,0.232,0.256,0.499,0.484,0.499,0.499,0.255,0.439,0.364,0.494,0.499,0.237,0.376,0.504,0.257,0.439,0.255,0.255,0.774,0.232,0.499,0.232,0.499,0.503,0.255,0.255,0.245,0.434,0.499,0.486,0.494,0.499,0.504,0.557,0.248,0.499,0.502,0.256,0.504,0.486,0.257,0.499,0.499,0.188,0.499,0.503,0.499,0.494,0.51,0.255,0.255,0.257,0.499,0.499,0.499,0.255,0.504,0.257,0.76,0.248,0.499,0.557,0.557,0.496,0.499,0.592,0.188,0.256,0.499,0.736,0.434,0.499,0.499,0.499,0.499,0.499,0.499,0.504,0.494,0.242,0.499,0.255,0.255,0.257,0.499,0.255,0.499,0.499,0.252,0.232,0.499,0.232,0.499,0.37,0.499,0.592,0.255,0.232,0.499,0.376,0.494,0.122,0.439,0.255,0.557,0.503,0.499,0.504,0.38,0.504,0.499,0.439,0.257,0.557,0.492,0.499,0.499,0.499,0.504,0.259,0.382,0.257,0.499,0.632,0.502,0.252,0.503,0.237,0.256,0.499,0.503,0.248,0.252,0.832,0.557,0.376,0.256,0.499,0.257,0.502,0.242,0.499,0.252,0.499,0.252,0.439,0.76,0.76,0.499,0.499,0.256,0.506,0.376,0.557,0.76,0.499,0.259,0.224,0.494,0.255,0.376,0.256,0.252,0.499,0.74,0.252,0.486,0.499,0.499,0.499,0.499,0.76,0.257,0.557,0.252,0.499,0.252,0.494,0.439,0.376,0.557,0.494,0.364,0.255,0.255,0.499,0.499,0.232,0.499,0.255,0.426,0.494,0.499,0.252,0.494,0.494,0.232,0.232,0.499,0.499,0.248,0.494,0.434,0.499,0.499,0.832,0.499,0.499,0.557,0.76,0.494,0.76,0.232,0.376,0.557,0.499,0.364,0.499,0.381,0.499,0.499,0.188,0.499,0.382,0.499,0.557,0.434,0.499,0.499,0.499,0.0,0.486,0.76,0.232,0.232,0.248,0.237,0.06,0.257,0.502,0.255,0.426,0.237,0.496,0.248,0.462,0.255,0.504,0.499,0.499,0.499,0.504,0.256,0.499,0.501,0.364,0.557,0.256,0.257,0.503,0.499,0.257,0.257,0.499,0.557,0.244,0.512,0.496,0.518,0.5,0.501,0.502,0.501,0.507,0.494,0.496,0.502,0.503,0.492,0.502,0.504,0.494,0.486,0.51,0.499
Signaling in Macrophage Activation,0.007,asynchronous,0.237,0.509,0.26,0.258,0.509,0.509,0.45,0.382,0.237,0.509,0.501,0.509,0.26,0.671,0.247,0.237,0.253,0.918,0.383,0.446,0.509,0.26,0.247,0.509,0.509,0.512,0.509,0.573,0.506,0.506,0.446,0.6,0.247,0.253,0.509,0.378,0.237,0.253,0.509,0.491,0.509,0.509,0.262,0.45,0.383,0.501,0.509,0.247,0.384,0.506,0.26,0.45,0.262,0.262,0.791,0.237,0.509,0.237,0.509,0.502,0.262,0.262,0.253,0.446,0.509,0.496,0.501,0.509,0.506,0.574,0.253,0.509,0.496,0.264,0.506,0.496,0.26,0.509,0.509,0.188,0.509,0.502,0.509,0.501,0.517,0.262,0.258,0.26,0.509,0.509,0.509,0.262,0.506,0.26,0.761,0.257,0.509,0.574,0.573,0.512,0.509,0.6,0.188,0.253,0.509,0.745,0.446,0.509,0.509,0.509,0.509,0.509,0.509,0.506,0.501,0.247,0.509,0.262,0.262,0.26,0.509,0.262,0.509,0.509,0.246,0.237,0.509,0.237,0.509,0.378,0.509,0.6,0.262,0.237,0.509,0.384,0.501,0.125,0.45,0.262,0.574,0.502,0.509,0.506,0.384,0.506,0.509,0.45,0.26,0.572,0.496,0.509,0.509,0.509,0.506,0.26,0.386,0.26,0.509,0.636,0.496,0.246,0.502,0.247,0.253,0.509,0.502,0.253,0.246,0.852,0.573,0.384,0.253,0.509,0.26,0.514,0.247,0.509,0.246,0.509,0.246,0.45,0.761,0.761,0.509,0.509,0.253,0.499,0.384,0.574,0.761,0.509,0.26,0.237,0.501,0.258,0.384,0.264,0.246,0.509,0.756,0.246,0.496,0.509,0.509,0.509,0.509,0.761,0.26,0.574,0.246,0.509,0.246,0.501,0.45,0.384,0.574,0.501,0.382,0.262,0.262,0.509,0.509,0.237,0.509,0.258,0.429,0.501,0.509,0.246,0.501,0.501,0.237,0.237,0.509,0.509,0.257,0.501,0.446,0.509,0.509,0.852,0.509,0.509,0.575,0.761,0.501,0.761,0.237,0.384,0.574,0.509,0.378,0.509,0.384,0.509,0.509,0.188,0.509,0.386,0.509,0.573,0.446,0.509,0.509,0.509,0.0,0.496,0.761,0.237,0.237,0.257,0.247,0.06,0.26,0.496,0.262,0.429,0.247,0.512,0.257,0.476,0.262,0.506,0.509,0.509,0.509,0.506,0.253,0.509,0.497,0.382,0.573,0.264,0.26,0.502,0.509,0.26,0.26,0.509,0.577,0.251,0.511,0.506,0.505,0.49,0.497,0.514,0.496,0.494,0.484,0.512,0.511,0.502,0.496,0.496,0.506,0.501,0.496,0.517,0.509
Stomatal Opening Model,0.0,synchronous,0.343,0.0,0.435,0.655,0.242,0.758,0.375,0.114,0.375,0.758,0.123,0.62,0.114,0.655,0.0,0.436,0.376,0.186,0.286,0.29,0.312,0.743,0.272,0.481,0.381,0.186,0.743,0.393,0.376,0.153,0.625,0.494,0.481,0.376,0.758,0.625,0.375,0.376,0.816,0.381,0.494,0.499,0.501,0.0,0.481,0.493,0.52,0.501,0.491
Stomatal Opening Model,0.01,asynchronous,0.337,0.0,0.419,0.657,0.26,0.746,0.382,0.127,0.382,0.746,0.122,0.622,0.127,0.658,0.0,0.463,0.394,0.155,0.301,0.313,0.336,0.75,0.28,0.514,0.363,0.155,0.75,0.368,0.394,0.16,0.618,0.514,0.514,0.394,0.746,0.635,0.382,0.394,0.81,0.363,0.514,0.501,0.499,0.0,0.514,0.496,0.492,0.499,0.491
T Cell Receptor Signaling,0.0,synchronous,0.0,0.0,0.246,0.582,0.0,0.175,0.487,0.504,0.038,0.24,0.0,0.505,0.175,0.499,0.0,0.038,0.0,0.154,0.487,0.717,0.254,0.0,0.033,0.0,0.038,0.175,0.487,0.0,0.254,0.0,0.154,0.746,0.098,0.254,0.499,0.472,0.487,0.175,0.0,0.254,0.175,0.0,0.217,0.487,0.746,0.595,0.254,0.516,0.045,0.0,0.0,0.499,0.142,0.249,0.045,1.0,0.0,0.0,0.499,0.509,0.254,0.0,0.0,0.472,0.175,0.256,0.0,0.0,0.746,1.0,0.491,0.198,0.496,0.509,0.406,0.0,0.0,0.012,0.175,0.499,0.0,0.0,0.509,0.0,0.717,0.487,0.746,0.254,0.142,0.0,0.746,0.499,0.712,0.142,0.5,0.496,0.509,0.487,0.504,0.516,0.499
T Cell Receptor Signaling,0.006,asynchronous,0.0,0.0,0.252,0.575,0.0,0.177,0.499,0.522,0.048,0.244,0.0,0.52,0.178,0.505,0.0,0.049,0.0,0.162,0.499,0.713,0.252,0.0,0.046,0.0,0.051,0.18,0.499,0.0,0.252,0.001,0.162,0.748,0.114,0.252,0.505,0.477,0.499,0.176,0.0,0.252,0.176,0.0,0.214,0.499,0.748,0.603,0.252,0.501,0.041,0.0,0.0,0.505,0.13,0.253,0.043,1.0,0.0,0.0,0.505,0.501,0.252,0.0,0.0,0.478,0.179,0.256,0.0,0.0,0.748,1.0,0.499,0.207,0.495,0.501,0.401,0.007,0.0,0.032,0.177,0.505,0.0,0.0,0.501,0.0,0.714,0.499,0.748,0.252,0.156,0.0,0.748,0.505,0.712,0.156,0.519,0.495,0.501,0.499,0.522,0.501,0.505
T cell differentiation,0.0,synchronous,0.51,0.393,0.487,0.355,0.491,0.393,0.638,0.638,0.324,0.355,0.355,0.487,0.185,0.185,0.355,0.185,0.809,0.0,0.638,0.487,0.51,0.487,0.491
T cell differentiation,0.0,asynchronous,0.486,0.382,0.509,0.451,0.474,0.382,0.546,0.546,0.256,0.451,0.451,0.509,0.224,0.224,0.451,0.224,0.773,0.0,0.546,0.509,0.486,0.498,0.474
T-Cell Signaling 2006,0.0,synchronous,0.082,0.303,0.044,0.0,0.044,0.044,0.492,0.0,0.0,0.0,0.044,0.0,0.0,0.044,0.044,0.0,0.0,0.0,0.082,0.0,1.0,0.044,0.0,0.044,0.0,0.044,0.044,0.303,0.0,0.0,0.044,0.044,0.0,0.303,0.044,0.044,0.044,0.513,0.518,0.485
T-Cell Signaling 2006,0.004,asynchronous,0.063,0.325,0.024,0.006,0.023,0.024,0.514,0.004,0.002,0.005,0.022,0.004,0.005,0.022,0.023,0.004,0.005,0.006,0.063,0.006,0.995,0.024,0.005,0.023,0.006,0.023,0.024,0.326,0.003,0.005,0.023,0.024,0.005,0.327,0.024,0.023,0.023,0.514,0.522,0.506
T-LGL Survival Network 2008,0.0,synchronous,0.002,0.001,0.002,0.002,0.0,0.002,0.002,0.002,0.0,0.002,0.0,0.0,0.002,0.002,0.0,0.002,0.002,0.002,0.0,0.002,0.002,0.002,0.002,0.0,0.002,0.002,0.002,0.0,0.002,0.0,0.0,0.002,0.002,0.002,0.0,0.002,0.0,0.002,0.002,0.002,0.0,0.0,0.0,0.002,0.002,0.002,0.002,0.998,0.002,0.002,0.002,0.002,0.0,0.0,0.502,0.493,0.498,0.497,0.504,0.524,0.505
T-LGL Survival Network 2008,0.003,asynchronous,0.019,0.016,0.04,0.04,0.011,0.032,0.04,0.032,0.0,0.04,0.0,0.01,0.034,0.012,0.0,0.012,0.04,0.012,0.028,0.04,0.04,0.04,0.012,0.015,0.04,0.04,0.012,0.0,0.019,0.0,0.0,0.04,0.012,0.039,0.028,0.041,0.0,0.041,0.018,0.032,0.022,0.004,0.0,0.04,0.012,0.04,0.032,0.959,0.04,0.04,0.032,0.012,0.0,0.028,0.496,0.469,0.49,0.473,0.506,0.492,0.486
T-LGL Survival Network 2011,0.0,synchronous,0.001,0.0,0.001,0.001,0.001,0.0,0.001,0.0,0.001,0.001,0.0,0.001,0.0,0.0,0.001,0.0,0.0,0.001,0.0,0.001,0.001,0.001,0.001,0.0,0.001,0.001,0.001,0.001,0.001,0.001,0.0,0.001,0.001,0.0,0.001,0.001,0.0,0.0,0.0,0.0,0.001,0.001,0.001,0.0,0.001,0.999,0.001,0.001,0.0,0.0,0.001,0.001,0.001,0.001,0.506,0.499,0.49,0.513,0.471,0.516
T-LGL Survival Network 2011,0.002,asynchronous,0.01,0.0,0.027,0.012,0.027,0.0,0.027,0.017,0.01,0.01,0.0,0.01,0.0,0.015,0.027,0.0,0.017,0.027,0.0,0.01,0.027,0.027,0.027,0.0,0.027,0.027,0.027,0.027,0.027,0.027,0.005,0.027,0.027,0.009,0.027,0.027,0.017,0.01,0.0,0.0,0.011,0.025,0.027,0.0,0.01,0.973,0.027,0.01,0.005,0.0,0.027,0.027,0.027,0.01,0.497,0.507,0.504,0.51,0.491,0.517
T-LGL Survival Network 2011 Reduced Network,0.0,synchronous,0.0,0.025,0.025,0.024,0.025,0.0,0.012,0.0,0.025,0.025,0.0,0.012,0.0,0.025,0.025,0.0,0.0,0.975
T-LGL Survival Network 2011 Reduced Network,0.006,asynchronous,0.0,0.106,0.106,0.084,0.106,0.0,0.05,0.0,0.106,0.106,0.0,0.052,0.0,0.106,0.106,0.0,0.0,0.894
TOL Regulatory Network,0.0,synchronous,0.497,0.499,0.042,0.244,0.035,0.484,0.255,0.498,0.244,0.484,0.312,0.184,0.215,0.498,0.497,0.502,0.511,0.498,0.499,0.501,0.498,0.502,0.484,0.505
TOL Regulatory Network,0.0,asynchronous,0.504,0.5,0.038,0.269,0.025,0.506,0.256,0.488,0.269,0.506,0.3,0.17,0.203,0.488,0.504,0.507,0.497,0.526,0.5,0.506,0.488,0.505,0.506,0.495
Toll Pathway of Drosophila Signaling Pathway,0.0,synchronous,0.497,0.497,0.497,0.497,0.752,0.497,0.248,0.248,0.248,0.503,0.501
Toll Pathway of Drosophila Signaling Pathway,0.006,asynchronous,0.488,0.488,0.488,0.488,0.755,0.488,0.248,0.245,0.245,0.512,0.5
Treatment of Castration-Resistant Prostate Cancer,0.0,synchronous,0.786,0.249,0.364,0.398,0.152,0.426,0.49,0.431,0.426,0.636,0.689,0.72,0.863,0.254,0.746,0.364,0.398,0.501,0.506,0.786,0.852,0.431,0.398,0.848,0.499,0.734,0.72,0.746,0.494,0.501,0.489,0.506,0.501,0.508,0.504,0.514,0.49,0.507,0.514,0.512,0.499,0.489
Treatment of Castration-Resistant Prostate Cancer,0.0,asynchronous,0.763,0.244,0.372,0.382,0.157,0.435,0.497,0.42,0.435,0.628,0.67,0.698,0.88,0.244,0.756,0.372,0.382,0.484,0.508,0.763,0.829,0.42,0.382,0.843,0.506,0.749,0.698,0.756,0.508,0.484,0.503,0.508,0.494,0.492,0.508,0.507,0.497,0.502,0.498,0.507,0.506,0.505
Trichostrongylus retortaeformis,0.0,synchronous,0.813,0.823,0.031,0.039,0.039,0.039,0.0,0.0,0.099,0.991,0.031,0.813,0.031,0.829,0.574,0.829,0.991,0.039,0.0,0.813,0.813,0.0,0.574,0.503,0.039,0.503
Trichostrongylus retortaeformis,0.008,asynchronous,0.725,0.832,0.066,0.074,0.075,0.075,0.0,0.0,0.133,0.947,0.064,0.725,0.064,0.858,0.646,0.858,0.947,0.074,0.0,0.725,0.725,0.0,0.646,0.507,0.077,0.507
Tumour Cell Invasion and Migration,0.0,synchronous,0.586,0.586,0.496,0.262,0.456,0.375,0.634,0.297,0.474,0.015,0.586,0.816,0.088,0.297,0.858,0.474,0.634,0.582,0.172,0.733,0.674,0.142,0.133,0.087,0.638,0.0,0.099,0.582,0.099,0.049,0.496,0.49
Tumour Cell Invasion and Migration,0.001,asynchronous,0.549,0.549,0.506,0.233,0.374,0.374,0.549,0.374,0.374,0.078,0.549,0.549,0.311,0.374,0.549,0.374,0.549,0.549,0.078,0.549,0.86,0.451,0.311,0.233,0.549,0.0,0.311,0.549,0.0,0.0,0.506,0.499
VEGF Pathway of Drosophila Signaling Pathway,0.0,synchronous,0.032,0.032,0.058,0.436,0.876,0.032,0.876,0.058,0.876,0.968,0.488,0.515,0.509,0.507,0.51,0.497,0.501,0.5
VEGF Pathway of Drosophila Signaling Pathway,0.0,asynchronous,0.035,0.035,0.064,0.456,0.886,0.035,0.886,0.064,0.886,0.965,0.49,0.5,0.504,0.519,0.516,0.485,0.52,0.508
Wg Pathway of Drosophila Signalling Pathways,0.0,synchronous,0.098,0.759,0.252,0.475,0.241,0.098,0.004,0.195,0.759,0.216,0.759,0.252,0.493,0.483,0.487,0.492,0.49,0.482,0.493,0.496,0.475,0.499,0.488,0.501,0.526,0.524
Wg Pathway of Drosophila Signalling Pathways,0.004,asynchronous,0.097,0.744,0.253,0.506,0.256,0.097,0.003,0.191,0.744,0.256,0.744,0.253,0.494,0.487,0.499,0.5,0.497,0.514,0.509,0.496,0.506,0.49,0.505,0.486,0.509,0.496
Yeast Apoptosis,0.001,synchronous,0.482,0.74,0.504,0.494,0.503,0.504,0.503,0.998,0.494,1.0,0.5,0.503,0.494,0.494,0.503,0.991,1.0,1.0,0.503,0.74,0.503,0.746,0.745,0.998,0.503,1.0,0.5,0.49,0.74,0.5,0.746,0.0,0.503,0.494,0.496,0.866,0.503,0.507,0.866,0.244,0.503,0.866,0.503,0.482,0.5,0.503,0.503,0.482,0.503,0.494,0.745,0.745,0.883,0.503,1.0,0.0,0.49,0.503,0.944,0.503,0.486,0.502,0.492,0.507,0.503,0.49,0.5,0.504,0.482,0.501,0.495,0.496,0.494
Yeast Apoptosis,0.009,asynchronous,0.523,0.743,0.508,0.507,0.49,0.508,0.49,0.994,0.507,1.0,0.499,0.49,0.507,0.507,0.49,0.992,1.0,1.0,0.49,0.743,0.49,0.739,0.741,0.994,0.49,1.0,0.501,0.487,0.743,0.499,0.739,0.0,0.49,0.507,0.498,0.869,0.49,0.498,0.869,0.248,0.49,0.869,0.49,0.523,0.499,0.49,0.49,0.523,0.49,0.507,0.741,0.743,0.879,0.49,1.0,0.0,0.487,0.49,0.939,0.49,0.516,0.493,0.494,0.498,0.49,0.487,0.499,0.508,0.523,0.488,0.512,0.498,0.507
